id,category_id,name,price,unit
1,1,OSB-3 1220*2440*12мм Кроношпан РФ,993.0,шт
2,1,OSB-3 1220*2440*15мм Кроношпан РФ,1916.0,шт
3,1,OSB-3 1220*2440*18мм Кроношпан РФ,1294.0,шт
4,1,OSB-3 1220*2440*9мм,777.0,шт
5,1,ГВЛ-В 1200*2500*10мм,1013.0,шт
6,1,"ГКЛ ""КНАУФ"" 1200*2500*12,5мм.",619.0,шт
7,1,"ГКЛ ""КНАУФ"" 1200*2500*8мм",470.0,шт
8,1,"ГКЛ ""КНАУФ"" 1200*2500*9,5мм",513.0,шт
9,1,"ГКЛ ""КНАУФ"" 1200*2500*9,5мм",513.0,шт
10,1,"ГКЛВ ""КНАУФ"" 1200*2500*9,5мм влагостойкий",700.0,шт
11,1,"ДВП (оргалит) 1200*2500*2,5мм двухсторонний Россия",420.0,шт
12,1,"ДВП (оргалит) 1220*2440*2,5мм двухсторонний Россия",438.0,шт
13,1,"ДВП (оргалит) 1700*2745*2,5мм двухсторонний Россия",712.0,шт
14,1,Фанера 1220*2440*18мм (ламинированная),2884.0,шт
15,1,Фанера берёза 1220*2440*10мм 2-4 сорт НШ,2325.0,шт
16,1,Фанера берёза 1220*2440*8мм 2-4 сорт НШ,3201.0,шт
17,1,Фанера берёза 1220*2440*9мм 2-4 сорт НШ,1613.0,шт
18,1,Фанера береза (зеленый край) 1220*2440*6мм,574.0,шт
19,1,"Фанера береза 1,22*2,44*12мм ФК сорт 2-4 НШ, Россия",1875.0,шт
20,1,"Фанера береза 1,22*2,44*15мм ФК сорт 4-4 НШ, Россия",2723.0,шт
21,1,"Фанера береза 1,22*2,44*20мм ФК сорт 2-4 НШ, Россия",3590.0,шт
22,1,"Фанера береза 1,22*2,44*4мм ФК сорт 2-4 Ш2 Россия",938.0,шт
23,1,"Фанера береза 1,22*2,44*6мм ФК сорт 2-4 НШ, Россия",1313.0,шт
24,1,Фанера береза 1220*2440*18мм,2880.0,шт
25,1,"Фанера осина 1,22*2,44* 9мм",1388.0,шт
26,1,"Фанера осина 1,22*2,44* 12мм",1688.0,шт
27,1,Фанера хв 2440*1220*12мм,1832.0,шт
28,1,Фанера хв 2440*1220*15мм,2293.0,шт
29,1,Фанера хв 2440*1220*4мм,1132.0,шт
30,1,Фанера хв 2440*1220*6.5мм,1243.0,шт
31,1,Фанера хв 2440*1220*9мм,1563.0,шт
32,1,Фанера хв. 2440*1220*18мм,2450.0,шт
33,1,Фанера хв. 2440*1220*18мм (Влагостойкая),4400.0,шт
34,1,Фанера хв. 2440*1220*21мм,3613.0,шт
35,1,"Фанера хв. 2440*1220*6,5мм",1244.0,шт
36,2,Межвенцовой утеплитель джутовый 10см 20м рул.,215.0,шт
37,2,Межвенцовой утеплитель джутовый 12см 20м рул.,256.0,шт
38,2,Межвенцовой утеплитель джутовый 15см 20м рул.,293.0,шт
39,2,Дюбель для изоляции 10*100 уп/1000шт,5.0,шт
40,2,Дюбель для изоляции 10*120 уп/1000шт,6.0,шт
41,2,Дюбель для изоляции 10*140 уп1/500шт,3.0,шт
42,2,Дюбель для изоляции 10*90 уп/200шт,5.0,шт
43,2,Дюпель для изоляции 10*160 1уп=100шт.,6.0,шт
44,2,Евроблок 20мм (1х0.6),233.0,шт
45,2,Евроблок 30мм (1х0.6),349.0,шт
46,2,Евроблок 50мм (1х0.6),589.0,шт
47,2,Изопинк КНР 2400*600*30мм,317.0,шт
48,2,Изопинк КНР 2400*600*50мм,530.0,шт
49,2,Изопинк РФ 2400*600*30мм,375.0,шт
50,2,Изопинк РФ 2400*600*50мм,563.0,шт
51,2,Минвата NEMAN+ 50*1200*6250 15м2,1579.0,шт
52,2,Пеноплэкс Комфорт 2385*585*30мм 1/13плит,300.0,шт
53,2,Пеноплэкс Комфорт 2385*585*50мм 1/8плит,538.0,шт
54,2,Пеноплэкс Комфорт 585*1185*50мм 1/8плит,286.0,шт
55,2,"Пенотерм ЛП (2мм) 1,2*25м изоляция для теплого пола",4175.0,шт
56,2,"Пенотерм ЛП(3мм) 1,0*25м изоляция для теплого пола",1361.0,рул.
57,2,"Пенотерм ЛФ (2мм) 1,2*25м изоляция для бань и саун",4628.0,шт
58,2,"Пенотерм ЛФ(3мм) 1,2*25м изоляция для бань и саун",3948.0,рул.
59,2,Плиты минераловатные БАЗАЛИТ Л-50 (8 плит) 1200х600х50 мм,1319.0,шт
60,2,"Подложка ЕРЕ20-L,16909*1100*2 мм, 1/18,6",448.0,рул.
61,2,"Подложка ЕРЕ30-L,16909*1100*3 мм, 1/18,6",521.0,рул.
62,2,"Подложка металлезированная ЛМП 3мм SDM-INSULATION, 1м*",1579.0,рул.
63,2,"Подложка металлезированная ЛМП 4мм SDM-INSULATION, 1м*",1721.0,рул.
64,2,"Подложка металлезированная ЛМП 5мм SDM-INSULATION, 1м*",2219.0,рул.
65,2,Подложка под ламинат SDM-INSULATION 1.05*50*2,754.0,рул.
66,2,Подложка под ламинат SDM-INSULATION 1.05*50*3,754.0,шт
67,2,Порилекс НПЭ (2мм) 1*50м подложка под паркет и ламинат,1238.0,шт
68,2,Порилекс НПЭ (3мм) 1*50м подложка под паркет и ламинат,1857.0,шт
69,2,"Порилекс НПЭ ЛП (2мм) 1,2*25м универсальная изоляция",1089.0,шт
70,2,Порилекс НПЭ ЛП (3мм) 1*25м универсальная изоляция,1312.0,шт
71,2,"Порилекс НПЭ ЛФ тип А (20мм) 1,2*2м",688.0,шт
72,2,"Поролон б/у 1,95м*0,75м*5,5см",1210.0,шт
73,2,"ППС 14 1000*1000*50мм 1/12(ГРАФИТ,плотный)",332.0,шт
74,2,ППС 14 1000*1000*50мм 1/12(плотный),307.0,шт
75,2,ПСБ-С 1000*1000*100мм 1/6,390.0,шт
76,2,ПСБ-С 1000*1000*20мм 1/30,87.0,шт
77,2,ПСБ-С 1000*1000*30мм 1/20,118.0,шт
78,2,ПСБ-С 1000*1000*40мм 1/15,157.0,шт
79,2,ПСБ-С 1000*1000*50мм 1/12,195.0,шт
80,2,Рондоль Д50(100шт.),3.0,уп
81,2,"Стекловата ""ADMIRAL"" 1.2*14м*50мм*10кг/м3 (16.8м2)",2300.0,шт
82,2,Техноплекс 1180*580*20мм(0.68 кв.м) 1/20плит,118.0,шт
83,2,Техноплекс 1180*580*30мм(0.68 кв.м) 1/13плит,201.0,шт
84,2,Техноплекс 1180*580*40мм(0.68 кв.м) 1/10плит,231.0,шт
85,2,Техноплекс 1180*580*50мм(0.68 кв.м) 1/8плит,282.0,шт
86,2,"Техноплекс 2380*580*30мм(1,38кв.м) 1/13плит",357.0,шт
87,2,"Техноплекс 2380*580*50мм(1,38кв.м) 1/8плит",563.0,шт
88,2,Утеплитель AкустиKNAUF AS 037 1230*610*50мм (плита ),3368.0,шт
89,2,"Утеплитель ECOROLL 1000*610*50мм (плита1/10шт 6,1кв.м)",982.0,шт
90,2,Утеплитель ECOROLL 1230*610*50мм (плита 1/16шт.12кв.м.),1827.0,шт
91,2,"Утеплитель ECOROLL 6970*1220*50мм,(рул..32кв.м.)",2458.0,уп
92,2,"Утеплитель ""Isover"" 100*1220*7000мм рулон 8,54м2",2338.0,шт
93,2,Утеплитель KNAUF PROF 100мм (рулон)(12кв.м.),3086.0,шт
94,2,"Утеплитель KNAUF PROF 150мм (рулон) (6,6м2)",5445.0,шт
95,2,Утеплитель KNAUF для кровли TR 037 50*1220*6148мм (рулон,2468.0,шт
96,2,Утеплитель Базалит Мастерплит 1200*600*50мм 1/8шт,920.0,шт
97,2,Утеплитель Базалитплита Л-50 1000*500*50мм 1/9,1121.0,уп
98,2,Утеплитель Базалитплита Л-50 1200*600*50мм 1/8,1201.0,уп
99,2,Утеплитель Базалитплита Л-75 1000*500*50мм 1/9,1480.0,уп
100,2,Утеплитель Базалитплита Л-75 1200*600*50мм 1/9,1827.0,уп
101,2,Утеплитель РОКЛАЙТ 1200*600*50мм 1/8,936.0,рул.
102,2,"Утеплитель ТеплоKNAUF для стен и кровли""NORD"" 1230*610*5",2118.0,шт
103,2,"Утеплитель ТеплоKNAUF для стен и кровли""Коттедж"" 1230*610",2396.0,шт
104,2,Утеплитель ТеплоKNAUF для стен и потолков 1230*610*100мм,2347.0,шт
105,2,Утеплитель ТехноАкустик 1200*600*50мм (1/6),1124.0,шт
106,2,Утеплитель ТехноБлок Стандарт1200*600*50мм (1/6),1344.0,шт
107,2,Утеплитель ТИСМА TR 044 AguastatiK 50*1200*8300мм,4429.0,шт
108,3,"Зактирка для швов ""Ceresit CE 33"" 2кг, белая",332.0,шт
109,3,"Зактирка для швов ""Ceresit CE 33"" 2кг, серая",332.0,шт
110,3,"Зактирка для швов ""Ceresit CE 33"" 5кг, белая",764.0,шт
111,3,"Затирка для швов ""Ceresit"" CE 33 2кг, Натура ( шов 2-5мм)",315.0,шт
112,3,"Затирка для швов""Ceresit"" CE 33 2кг, Светло-коричневый ( шов",384.0,шт
113,3,"Затирка для швов""Ceresit"" CE 33 2кг. Багама ( шов 2-5мм)",315.0,шт
114,3,"Затирка для швов""Ceresit"" CE 33 2кг. Какао ( шов 2-5мм)",388.0,шт
115,3,"Затирка для швов""Ceresit"" CE 33 2кг.Темно-коричневый ( шов 2",315.0,шт
116,3,Известь комовая 4кг,264.0,шт
117,3,"Клей для плитки ""Ceresit""СМ 11 plus (морозостойкий) 25кг.",588.0,шт
118,3,"Клей для плитки ""Ceresit""СМ 14 plus (морозостойкий) 25кг.",892.0,шт
119,3,"Клей для плитки ""Ceresit""СМ9 25кг.",542.0,шт
120,3,Клей ПАВЕРМЕНТ (белый 25кг.),577.0,шт
121,3,"Клей плиточный ""Бергауф"" усиленный для плитки и керамогра",375.0,шт
122,3,"Клей плиточный ""Стромикс"" для наружных и внутрених работ",250.0,шт
123,3,"Клей плиточный КЕРАМИК универсальный 25кг."" АДМИРАЛ""",547.0,шт
124,3,"Клей плиточный КЕРАМИК универсальный 5кг. ""АДМИРАЛ""",165.0,шт
125,3,Клей плиточный СМАРТФИКС для внутренних работ 25кг АДМИ,422.0,шт
126,3,Клей плиточный СУПЕРФИКС усиленный для керамогранита 25,732.0,шт
127,3,"Клей Стайротбонд, для утеплителя модифицированный 25кг",833.0,шт
128,3,Клей Терракот усиленный жаростойкий 25кг,888.0,шт
129,3,Клей Терракот усиленный жаростойкий 5кг,268.0,шт
130,3,"Наливной пол "" Волма-Нивелир Экспресс"" 20 кг самовыпавнив",584.0,шт
131,3,Наливной пол FinishFloor 25 кг Тонкий слой 1/48шт,624.0,шт
132,3,"Наливной пол АДМИРАЛ ""Суперфлор"" (18кг)быстротвердеющи",634.0,шт
133,3,Наливной пол СТАРАТЕЛИ Тонкий (1-30мм) 25кг,758.0,шт
134,3,Наливной пол СТРОМИКС универсальный (5-80мм) 25кг,469.0,шт
135,3,Наливной пол Церезит CN173 быстротвердеющий 20кг.,560.0,шт
136,3,Наливной пол Церезит CN175 универсальный 25кг.,744.0,шт
137,3,Отсев,1600.0,куб
138,3,Отсев (мешок),55.0,шт
139,3,Пескогравий(1 куб),1000.0,шт
140,3,Пескогравий(мешок),50.0,шт
141,3,Песок ( 1 куб ),2250.0,куб
142,3,Песок строительный (40 кг. мешок),100.0,шт
143,3,Смесь ТЕРМОСТОЙКАЯ СТРОМИКС СТАРАТЕЛИ) 25кг.,678.0,шт
144,3,Смесь кладочная Терракот глино-шамотная жаростойкая 5кг,238.0,шт
145,3,Смесь штукатурная Терракот глино-шамотная жаростойкая 25г,1031.0,шт
146,3,"Смесь штукатурно-клеевая ""Стромикс"" Теплофасад 25кг.",698.0,шт
147,3,Стяжка д/пола АДМИРАЛ FIBRO цементная с фиброволокнами,477.0,шт
148,3,"Стяжка для пола Ремонтная ""RB"" 25кг.1/48",364.0,шт
149,3,"Стяжка ЦПС ""TigerMix"" М150 25кг",274.0,шт
150,3,"Стяжка ЦПС ""TigerMix"" М200 25кг",278.0,шт
151,3,"Стяжка ЦПС ""TigerMix"" М300 25кг",343.0,шт
152,3,Стяжка ЦПС (Универсальная) 25кг,324.0,шт
153,3,Цемент-400(50 кг),515.0,шт
154,3,Цемент-500 (50кг.),625.0,шт
155,3,Шпатлевка гипс Волма-финиш 20 кг.,831.0,шт
156,3,Шпатлевка гипс Волма-Шов 20 кг.,725.0,шт
157,3,Шпатлевка полимерная DANO JET5 (25кг),846.0,шт
158,3,Шпатлевка цементная универсальная BOSTON ADMIRAL 20КГ,690.0,шт
159,3,Шпатлевка шелк ADMIRAL с антигриб. добавкой 20кг,780.0,шт
160,3,"Штукатурка ""Ротбанд"" универсальная гипсовая 30кг",813.0,шт
161,3,Штукатурка Agua для кухни и ванны Адмирал 30кг,820.0,шт
162,3,"Штукатурка гипсовая ""Волма-Гипс-Актив 30 кг д/машин нанесе",697.0,шт
163,3,"Штукатурка гипсовая ""Волма-Слой"" серая 30кг.",663.0,шт
164,3,"Штукатурка гипсовая ""Практик""",475.0,шт
165,3,Штукатурка гипсовая Биопласт АДМИРАЛ 25кг.,619.0,шт
166,3,"Штукатурка цементная ""СТАРАТЕЛИ"" для нар. и внут. работ 25к",423.0,шт
167,3,"Штукатурка цементная фасадная ""АДМИРАЛ"" 25кг.",485.0,шт
168,3,Штукатурка/утепл. Стирабонд EIFS Террако 25кг,594.0,шт
169,3,Щебень фракция 20*40,2460.0,куб
170,3,Щебень фракция 5*20,2700.0,м3
171,3,Щебень мешок (40кг),120.0,шт
172,3,Щебень фракция 5*20,1950.0,куб
173,4,Антигрибок Адмирал 10л,736.0,шт
174,4,Антигрибок Адмирал 5л,460.0,шт
175,4,"Бетоноконтакт 14кг ""Адмирал""",1856.0,шт
176,4,"Бетоноконтакт 3,5кг ""Адмирал""",488.0,шт
177,4,"Бетоноконтакт 7кг ""Адмирал""",940.0,шт
178,4,Бикрост ТКП 10м (с крошкой),2580.0,шт
179,4,Бикрост ТПП 15м (без крошки),2436.0,шт
180,4,Бикрост ХКП 10м (с крошкой),2340.0,шт
181,4,Бикрост ХПП 15м (без крошки),2853.0,шт
182,4,Гвоздь Ондулин зел,3.0,шт
183,4,Гвоздь Ондулин корич.,3.5,шт
184,4,Гвоздь Ондулин красн,3.5,шт
185,4,Геотекстиль 300 Дорнит ЭКО иглопроб.нетканный. рул/100м2 (,152.0,м
186,4,Геотекстиль 350 Дорнит ЭКО иглопроб.нетканный. рул/100м2 (,169.0,м
187,4,"Геотекстиль 150гр/м 2(2,15*130м)",128.0,м
188,4,"Геотекстиль 150гр/м2 (2,15*50м)",140.0,м
189,4,"Геотекстиль 200гр/м2(2,15*110м)",181.0,м
190,4,"Геотекстиль ЧЕРНЫЙ 80м2/рул. (1,6м*50) АДМИРАЛ",85.0,м
191,4,Герметик Бутил-каучуковый Технониколь серый 16кг,3750.0,шт
192,4,"Гибкая черепица, ТЕХНОНИКОЛЬ, коньково-карнизная, зелены",4544.0,уп
193,4,"Гибкая черепица, ТЕХНОНИКОЛЬ, финская, Соната, зеленый",1801.0,уп
194,4,Гидроизоляция отсечная ТехноНИКОЛЬ 200 (20пог/м),755.0,шт
195,4,Гидроизоляция отсечная ТехноНИКОЛЬ 400 (20пог/м),1347.0,шт
196,4,Гидроизоляция отсечная ТехноНИКОЛЬ 600 (20пог/м),1875.0,шт
197,4,Гидрофобизатор LEO 5л (водооталкивающая пропитка),650.0,шт
198,4,"Добавка ""Адмирал"" Стирабонд 20кг",2718.0,шт
199,4,"Добавка ""Теракко"" Стирабонд 25кг",3919.0,шт
200,4,"Жидкий битум 21,5литр.",1500.0,шт
201,4,Жидкое стекло 14кг,1333.0,шт
202,4,Жидкое стекло 7кг ADMIRAL,841.0,Ведро
203,4,Затирка Церезит Се 40/2 2-5мм белая 2кг(ведро),578.0,шт
204,4,Изоспан AQ (70кв.м.),5250.0,шт
205,4,Изоспан B рулон(70 кв.м),2488.0,шт
206,4,Изоспан D рулон(70кв.м),3478.0,шт
207,4,Изоспан FB (70 кв.м) для бани,2237.0,рул.
208,4,Изоспан А рулон(70 кв.м),3557.0,шт
209,4,Изоспан С рулон(70кв.м.),3508.0,шт
210,4,"Керабланкет (асбесткань) 0,61/25мм",900.0,м
211,4,"Керабланкет (асбесткань) 0,61м/38мм",1188.0,м
212,4,"Керабланкет (асбесткань) 0,61м/6мм",732.0,м
213,4,"Колесо для садовых и строительных тачек 3,00-8",536.0,шт
214,4,"Колесо для садовых и строительных тачек 3,50-8",704.0,шт
215,4,"Колесо для садовых и строительных тачек 4,00-8",770.0,шт
216,4,"Колесо полиуретановое ""Желтое"" для садовых и строительных",788.0,шт
217,4,"Колесо полиуретановое ""Красное"" для садовых и строительны",1123.0,шт
218,4,"Колесо полиуретановое ""Синее"" для садовых и строительных т",871.0,шт
219,4,"Лопата ""Вьюга"" в ассортименте",443.0,шт
220,4,"Лопата (Л-3) ""СОВКОВАЯ"", усиленная с двумя ребрами жесткос",237.0,шт
221,4,Лопата подборная (Рельсовая сталь) с молотковой окраской 69,180.0,шт
222,4,Лопата Снег оцинкованная,398.0,шт
223,4,"Лопата Штыковая ""Американа""",237.0,шт
224,4,Мастика для гибкой черепицы Docke 5л,2438.0,шт
225,4,Мастика акрил. гидроизоляция GIDROSTOP 6кг.АДМИРАЛ,1488.0,шт
226,4,Мастика битумная (Империал) 12кг,1800.0,шт
227,4,Мастика битумная 10кг ГРИДА,1098.0,шт
228,4,Мастика битумная 10кг ГРИДА (черная тара),1344.0,шт
229,4,Мастика битумная ADMIRAL Professional (Желтыя этик) 10л,1688.0,шт
230,4,"Мастика битумная АДМИРАЛ ""Жидкий битум"" 10л",1467.0,шт
231,4,"Мастика битумная АДМИРАЛ ""Жидкий битум"" 30л",3986.0,шт
232,4,"Мастика битумная АДМИРАЛ ""Жидкий битум"" 3л",438.0,шт
233,4,"Мастика битумная АДМИРАЛ ""Жидкий битум"" 5л",757.0,шт
234,4,Мастика битумная полимер Гидроизол 10л АДМИРАЛ,2193.0,шт
235,4,Мастика битумная полимер Гидроизол 30л АДМИРАЛ,5050.0,шт
236,4,Мастика битумная полимер Гидроизол 5л АДМИРАЛ,1118.0,шт
237,4,"Мастика битумная Эконом АДМИРАЛ (21,5л/18кг)",1855.0,шт
238,4,"Мастика гидроизоляционная ""Bitumast"" 21,5 л",2179.0,шт
239,4,"Мастика для гибкой черепицы ТЕХНОНИКОЛЬ (Фиксер) ведро,",1963.0,шт
240,4,Мастика каучуко-битумная 10л ГРИДА (синяя тара),1428.0,шт
241,4,"Мастика кровельная ""Bitumast"" 21,5 л",2210.0,шт
242,4,"Мастика кровельная ""Bitumast"" 5л",570.0,шт
243,4,"Мастика кровельная ""Bitumast""21,5 л",1438.0,шт
244,4,Мастика резино-битумная (красная тара),1291.0,шт
245,4,"Мастика резино-битумная ""Грида"" 20л (черная тара)",1627.0,шт
246,4,Мастика резино-битумная 3кг ГРИДА (желтая тара),395.0,шт
247,4,Мегаизол D (гидро-пароизоляция пленка высокой прочности) 1,1548.0,шт
248,4,Мегаизол А(паропрониц. ветро-влагозащита) 70кв.м.,1719.0,шт
249,4,Мегаизол В (пароизоляция для скат. кровли и стен)70кв.м.,1224.0,шт
250,4,Мегаизол С (противоконденсатная пароизоляция)70кв.м.,1608.0,шт
251,4,Мембрана D 60м2 гидро-пароизоляция повышенной прочност,2493.0,шт
252,4,"Мембрана А 60м2 ветро-влагозащита L=1,6м АДМИРАЛ 110г/м",1954.0,шт
253,4,"Мембрана В 60м2 пароизоляция L=1,6м АДМИРАЛ 110г/м2",1402.0,шт
254,4,"Мембрана профилированная (ИЗОСТУД) 2,0м*20м PLANTER",9988.0,шт
255,4,"Мембрана профилированная 2,0м*10м PLANTER",4050.0,шт
256,4,"Мембрана профилированная 2,0м*15м PLANTER",6075.0,шт
257,4,"Мембрана профилированная 2,0м*20м PLANTER",6500.0,шт
258,4,"Мембрана профилированная1,0м*20м PLANTER",4050.0,шт
259,4,"Мембрана С 60м2 гидро-пароизоляция L=1,6м черный АДМИР",2137.0,шт
260,4,Минерит (жаростойкий лист) 1200*630*9 серый КТ,2236.0,шт
261,4,Наноизол D (рул 35м2),942.0,шт
262,4,Наноизол D (рул 70м2),1728.0,шт
263,4,Наноизол А 110гр./м2 (рул 35кв.м.),942.0,шт
264,4,Наноизол А 110гр./м2(рул.70кв.м.),1728.0,шт
265,4,Наноизол В (рул.35кв.м.),672.0,шт
266,4,Наноизол В (рул.70кв.м.),1020.0,шт
267,4,Наноизол С (рул 35м2),942.0,шт
268,4,Наноизол С (рул 70м2),1719.0,шт
269,4,Носилка,1500.0,шт
270,4,Огнебиозащита 2-я группа (бесцвет) Адмирал 20л,1048.0,шт
271,4,Огнебиозащита 2-я группа (бесцветная) Адмирал 5л,341.0,шт
272,4,Огнебиозащита 2-я группа(кр.дерево) Адмирал 20л,1240.0,шт
273,4,Огнебиозащита 2-я группа(кр.дерево) Адмирал 5л,351.0,шт
274,4,Огнебиозащита 2 группа (бесцветная) Адмирал 10л,601.0,шт
275,4,Огнебиозащита 2 группа (красное дерево) Адмирал 10л,625.0,шт
276,4,Огнебиозащита 2 группа (красное дерево) Мастер-Класс 20л,1240.0,шт
277,4,Огнебиозащита для древесины(красное дерево) Мастер-Класс,351.0,шт
278,4,Ондулин ендова 220*220*1000мм коричневый,432.0,шт
279,4,Ондулин Коньковый элемент зеленый( L-1000 ),680.0,шт
280,4,Ондулин Коньковый элемент коричневый ( L-1000 ),520.0,шт
281,4,Ондулин Коньковый элемент красный ( L-1000 ),520.0,шт
282,4,Ондулин Смарт 1950 х960 (зеленый),1259.0,шт
283,4,Ондулин Смарт 1950*960мм. (красный),950.0,шт
284,4,Ондулин Смарт 1950х960мм. (коричневый),950.0,шт
285,4,"Пароспан Professional C-гидро-пароизоляция,ш1,6м (70 кв.м)",2714.0,шт
286,4,Перфопрофиль угловой ПУ 20*20 (3м) 0.4,79.0,шт
287,4,Перфопрофиль угловой для штукатурки ( белый) 25*25 (3м),57.0,шт
288,4,Пленка п/этил 100мкм рул/25м,42.0,метр
289,4,Пленка п/этил 150мкм рул/25м,61.0,м
290,4,Пленка п/этил 200мкр рул/25м,75.0,метр
291,4,"Пленка ветро-влагозащитная ISOBOX ""A"" LITE (1,6*37,5м) 80кв.",2028.0,рул.
292,4,"Пленка гидро-ветрозащитная для скатной кровли и фасадов ""В",2442.0,рул.
293,4,"Пленка параизоляционная ISOBOX ""B"" LITE(1.6*37.5м) 60кв.м.",1430.0,рул.
294,4,"Пленка пароизоляционная для скатной кровли и стен(1,6*50м)",1565.0,рул.
295,4,"Пленка пароизоляционная С(ТН) ""В"" (1.6*31.25м)50кв.м.",1380.0,шт
296,4,"Пленка пароизоляционная универсальная ISOBOX ""D"" LITE(1.6*",1627.0,шт
297,4,Подвес прямой (294*30м) 0.6 1/150,10.0,шт
298,4,"Подвес прямой 60*27 мм,1/600",12.0,шт
299,4,Подкладочный ковер ANDEREP GI 15м2 рулон,2250.0,рул.
300,4,Подкладочный ковер Docke PIE Cjmfort 40х1,9559.0,рул.
301,4,Поликарбонат АгроТИТАН 6000*2100*4мм бесцветный СПЕЦ Д,3701.0,шт
302,4,Поликарбонат 6000*2100*10мм бронза,10431.0,шт
303,4,Поликарбонат 6000*2100*10мм желтый,9000.0,шт
304,4,Поликарбонат 6000*2100*10мм желтый,9435.0,шт
305,4,Поликарбонат 6000*2100*10мм прозрачный,6739.0,шт
306,4,"Поликарбонат 6000*2100*4мм ""Woggel""бесцвет.",3932.0,шт
307,4,Поликарбонат 6000*2100*4мм АроТИТАН БЕСЦВЕТ.,3702.0,шт
308,4,Поликарбонат 6000*2100*4мм бесцветный СПЕЦ ДЛЯ ТЕПЛИЦ,2600.0,шт
309,4,Поликарбонат 6000*2100*4мм желтый,3840.0,шт
310,4,Поликарбонат 6000*2100*4мм зеленый,3840.0,шт
311,4,Поликарбонат 6000*2100*4мм синий,3438.0,шт
312,4,Поликарбонат 6000*2100*6 мм бронза (SKYGLASS),5940.0,шт
313,4,Поликарбонат 6000*2100*6мм бесцвет. (SKYGLASS),4763.0,шт
314,4,Поликарбонат 6000*2100*6мм бесцвет. (Woggel),6469.0,шт
315,4,Поликарбонат 6000*2100*6мм бронза (SKYGLASS),5010.0,шт
316,4,Поликарбонат 6000*2100*6мм бронза Woggel,5963.0,шт
317,4,Поликарбонат 6000*2100*6мм бронза Woggel,5963.0,шт
318,4,Поликарбонат 6000*2100*6мм желтый (SKYGLASS),5010.0,шт
319,4,Поликарбонат 6000*2100*6мм зеленый,10900.0,шт
320,4,Поликарбонат 6000*2100*6мм зеленый (SKYGLASS),5010.0,шт
321,4,Поликарбонат 6000*2100*6мм зеленый (WOGGEL),5187.0,шт
322,4,Поликарбонат 6000*2100*6мм красный,6320.0,шт
323,4,Поликарбонат 6000*2100*6мм синий (SKYGLASS),3438.0,шт
324,4,Поликарбонат 6000*2100*6мм(Woggel) желтый,7467.0,шт
325,4,Поликарбонат 6000*2100*6мм(Woggel) красный,5187.0,шт
326,4,Поликарбонат 6000*2100*6мм(коричневый,6432.0,шт
327,4,Поликарбонат 6000*2100*8мм (Woggel) бронза,8535.0,шт
328,4,Поликарбонат 6000*2100*8мм бесцвет.,7869.0,шт
329,4,Поликарбонат 6000*2100*8мм бронза,5750.0,шт
330,4,Поликарбонат 6000*2100*8мм желтый,8107.0,шт
331,4,Поликарбонат 6000*2100*8мм зеленый,8200.0,шт
332,4,Поликарбонат 6000*2100*8мм синий,5750.0,шт
333,4,Поликарбонат 6000*2100*8мм янтарь,13000.0,шт
334,4,Поликарбонат 6000*2100*8мм(Woggel) бесцвет.,7538.0,шт
335,4,Поликарбонат монолитный 3050*2050*4мм прозрачныйй,11786.0,шт
336,4,Праймер битумный 5л. АДМИРАЛ (синяя этик),659.0,шт
337,4,Праймер битумный полимер 30л АДМИРАЛ,4492.0,шт
338,4,Праймер битумный полимер 3л.,403.0,шт
339,4,Праймер битумный полимер 5л. АДМИРАЛ,798.0,шт
340,4,Праймер битумный полимер10л АДМИРАЛ,1585.0,шт
341,4,"Праймер битумный Эконом АДМИРАЛ (21,5л/16кг)",2155.0,шт
342,4,"Праймер П-18 ""SEA HORSE""",2623.0,шт
343,4,Праймер-грунт АДМИРАЛ (ALK-PRIMER) 5л розовый,989.0,шт
344,4,Праймер-грунт АДМИРАЛ 20л PREMIUM,2444.0,шт
345,4,Праймер-грунт АДМИРАЛ 5л PREMIUM,713.0,шт
346,4,Праймер-грунт АДМИРАЛ 5л универсальный,497.0,шт
347,4,Праймер-грунт АДМИРАЛ p-primer CONCETRATE 5л,1888.0,шт
348,4,"Праймер-грунтовка АДМИРАЛ 10л,универсальная",784.0,шт
349,4,"Праймер-грунтовка АДМИРАЛ 20л,универсальная",1410.0,шт
350,4,"Праймер-П 4л грунтовка ""SEA HORSE 1/162",893.0,шт
351,4,"Праймер-П 4л грунтовка ""Террако"" Хабаровск",1214.0,шт
352,4,Противоморозная добавка Адмирал10л,445.0,шт
353,4,Профиль для поликарбоната 4мм торцевой (прозрачный) 2100,95.0,шт
354,4,Профиль для поликарбоната 6мм торцевой (прозрачный) 2100,98.0,шт
355,4,Профиль для поликарбоната 8мм торцевой(прозрачный),110.0,шт
356,4,Профиль для поликарбоната соед. 4-6мм (прозрачный) 6м,535.0,шт
357,4,Профиль для поликарбоната соед. 8мм,524.0,шт
358,4,Профиль для поликарбоната соед.10мм (прозрачный),929.0,шт
359,4,"Профиль маячковый 6мм 0,40мм*3м1/100",40.0,шт
360,4,Профиль маячковый ПМ-10 3м ЭКОНОМ,59.0,шт
361,4,Профиль Н-образный 8мм коричневый,1313.0,шт
362,4,Профиль напр. стеновой ПН 100*40 3м 1/8,303.0,шт
363,4,"Профиль направляющий ПН 50*40*0,45 мм, 3,0м 1/12",195.0,шт
364,4,"Профиль направляющий ППН,28*27*0,45 мм, 3м 1/24",94.0,шт
365,4,"Профиль ПП 60*27 потолочный 3,0м 0,45мм 1/12",180.0,шт
366,4,"Профиль ПП 60*27 потолочный 3,0м 0,6мм 1/12",232.0,шт
367,4,"Профиль стеновой ПС 75*40 3м, 1/12",497.0,шт
368,4,"Профиль стеновой ПС 75*50, 3м, 1/12",306.0,шт
369,4,"Профиль стоечный ПС 100*50*0,5мм",285.0,шт
370,4,"Профиль стоечный ПС 50*50*0,45 мм, 3м 1/12",224.0,шт
371,4,Решетка полимерпесчанная 500*140*20,266.0,шт
372,4,Решетка стальная 100,602.0,шт
373,4,Рубероид Технониколь РПП300 15м2,860.0,шт
374,4,Рубероид ТУ РКП-350(с крошкой)15м2,1038.0,шт
375,4,Рубероид ТУ РПП300 облегченная марка 15м2,753.0,шт
376,4,Сендвич панель (ПСБ-С) 9м/100мм,650.0,м
377,4,Соединитель одноуровневый 60*27 уп.100шт. (Краб),15.0,шт
378,4,"Спанлайт D, 37500*1600 мм, 1/60",1142.0,шт
379,4,"Спанлайт В, 37500*1600 мм,1/60",748.0,шт
380,4,"Стеклоизол ТКП 3,5/9м с крошкой",1878.0,шт
381,4,"Стеклоизол ХКП 3,5/9м с крошкой",1571.0,шт
382,4,"Стеклоизол ТПП 2,1мм/9м Технониколь",1469.0,шт
383,4,"Стеклоизол ХКП 2,5 1/9м Технониколь",1170.0,шт
384,4,"Стеклоизол ХПП 2,5 1/9м с крошкой Технониколь",1455.0,шт
385,4,"Стекломаст ТКП 4,0/10м с крошкой",1298.0,шт
386,4,СТН -С парагидроизоляция(50),960.0,шт
387,4,"Суперпластификатор ""Адмирал"" 10л",638.0,шт
388,4,Термошайба (бронза),19.0,шт
389,4,Термошайба (бронза) T-0 D40мм 25шт/уп,13.0,шт
390,4,Термошайба (бронза) T-4 D40мм 25шт/уп,13.0,шт
391,4,Термошайба (прозрачный 25шт упак) Т-0,10.0,шт
392,4,Техноэласт ЭКП 10м,5534.0,шт
393,4,Техноэласт ЭКП 10м (с крошкой),4318.0,шт
394,4,Унифлекс ТПП 10 м(без крошки),3432.0,шт
395,4,Унифлекс ХПП 10 м(без крошки),3150.0,шт
396,4,Унифлекс ЭКП сланец серый 10м (с крошкой),4544.0,шт
397,4,Фаворит 55С (70 кв.м),1575.0,шт
398,4,Фальгопласт НПЭ с металлизированной пленкой 3мм*25м,1433.0,шт
399,4,Фальгопласт НПЭ с металлизированной пленкой 5мм*25м,2033.0,шт
400,4,"Фибра полипропиленовая 12мм, 1кг/12",381.0,шт
401,4,Черенок для лопаты 1 сорт d40 1200мм,109.0,шт
402,4,Шпатлевка TERRAKO 25кг Акрилик Филлер(для наружных работ,2693.0,шт
403,4,Шпатлевка готовая ADMIRAL 15кг,1110.0,шт
404,4,Шпатлевка готовая ADMIRAL 25кг,1500.0,шт
405,4,Шпатлевка готовая ADMIRAL 5кг,473.0,шт
406,4,Шпатлевка ТЕРРАКО мороз.для внт. работ 25кг,1938.0,шт
407,4,Шпатлевка Хэндикоат Fit для внут. работ 25кг,1857.0,шт
408,5,Сетка 3D панель 1000*2000*4мм,1750.0,шт
409,5,Сетка 3D панель 2500*1500*4мм,1687.0,шт
410,5,Сетка 3D панель 2500*1800*4мм,2000.0,шт
411,5,Сетка 3D панель 2500*2000*4мм,3000.0,шт
412,5,Сетка 3D панель 3000*1500*4мм,3250.0,шт
413,5,Сетка 3D панель 700*2000*4мм,1375.0,шт
414,5,"Сетка армат. сварная 50*50*3мм (2,0*0,38м)",155.0,шт
415,5,"Сетка армат. сварная 50*50*3мм (2,0*0,5м)",198.0,шт
416,5,"Сетка армат. сварная 50*50*3мм (2,0*1,0м)",264.0,шт
417,5,"Сетка армат. сварная 50*50*4мм (1,5*0,38)",172.0,шт
418,5,"Сетка армат. сварная 50*50*4мм (2,0*0,38м)",438.0,шт
419,5,"Сетка армат. сварная 50*50*4мм (2,0*0,5м)",307.0,шт
420,5,"Сетка армат. сварная 50*50*4мм (2,0*1,0м)",438.0,шт
421,5,"Сетка армат. сварная 100*100*3мм (1,0*1,5м)",176.0,шт
422,5,"Сетка армат. сварная 100*100*3мм (2,0*1,0м)",124.0,шт
423,5,"Сетка армат. сварная 100*100*4мм (2,0*1,0м)",205.0,шт
424,5,"Сетка армат. сварная 100*100*4мм (2,0*3,0м)",1003.0,шт
425,5,"Сетка армат. сварная 100*100*5мм (2,0*1,0м)",525.0,шт
426,5,"Сетка армат. сварная 150*150*4мм (2,0*1,0м)",205.0,шт
427,5,"Сетка армат. сварная 150*150*4мм (2,0*3,0м)",782.0,шт
428,5,"Сетка армат. сварная 150*150*5мм (2,0*1,0м)",690.0,шт
429,5,"Сетка армат. сварная 150*150*5мм (2,0*3,0м)",1104.0,шт
430,5,"Сетка армат. сварная 200*200*4мм (2,0*3,0м)",471.0,шт
431,5,Сетка габион 2кв (2.0*1.0м),3091.0,шт
432,5,"Сетка для ограждений пластмасовая (зеленая) 10м*1,5м (5*5с",1980.0,шт
433,5,Сетка заборная металл-полимер 25*50 (1.8*20м),7875.0,шт
434,5,"Сетка заборная металл-полимер 25*50*1,8мм(1.8*10м)",4512.0,шт
435,5,Сетка заборная металл-полимер 50*100 (1.2*20м),4500.0,шт
436,5,Сетка заборная металл-полимер 50*100 (1.5*20м),5700.0,шт
437,5,"Сетка заборная металл-полимер 50*100*2,5мм(1.2*20м)",7475.0,шт
438,5,"Сетка заборная металл-полимер 50*100*2,5мм(1.5*10м)",4650.0,шт
439,5,"Сетка заборная металл-полимер 50*100*2,5мм(1.8*10м)",4725.0,шт
440,5,"Сетка заборная металл-полимер 50*100*2,5мм(1.8*20м)",9450.0,шт
441,5,Сетка заборная металл-полимер 50*50 (1.5*30м) LITE,7734.0,шт
442,5,"Сетка заборная металл-полимер 50*50 *3,0мм(1.8*10м) LITE",6675.0,шт
443,5,"Сетка заборная металл-полимер 50*50 *3мм (1,5*30м) LITE",10224.0,шт
444,5,"Сетка малярная ""ADMIRAL"" 5*5 70гр/м 1м*10м интерьерная (б",555.0,шт
445,5,Сетка малярная 145г фасадная 5*5 ADMIRAL 1м*50м(желтая),45.0,м
446,5,Сетка малярная 2*2 45гр/м 1рул-10м белая,471.0,шт
447,5,Сетка малярная 2*2 45гр/м 1рул-50м белая,2003.0,шт
448,5,Сетка малярная 5*5 125гр/м 1рул-10м оранжевая,564.0,шт
449,5,Сетка малярная125г универсальная 5*5 ADMIRAL 1м*10м (оран,394.0,шт
450,5,Сетка малярная125г универсальная 5*5 ADMIRAL 1м*50м (оран,1544.0,шт
451,5,Сетка малярная145г фасадная 5*5 ADMIRAL 1м*10м (желтая),1658.0,шт
452,5,Сетка маталлическая 1.5*1.5*0.2мм(1000мм*25м),174.0,м
453,5,"Сетка мет. сварная 18*18*0,92мм 30м цинк",98.0,шт
454,5,"Сетка мет. сварная 25*25*1,2 ( 0.92*30м ) цинк",255.0,шт
455,5,"Сетка мет. сварная 50*50*1,0 ( 0,92*30м) цинк",70.0,шт
456,5,"Сетка мет. сварная,плетеная (цинк)25*25*2мм",439.0,м
457,5,"Сетка металлическая 12,7*12,7*0,65мм 1/15",70.0,м
458,5,"Сетка металлическая 12*12*950*0,6мм цинк. Адмирал 25м/ру",92.0,м
459,5,"Сетка металлическая 12*25*920*1,6мм цинк. Адмирал 10м/ру",530.0,м
460,5,"Сетка металлическая 12*50*920*1,6мм цинк. Адмирал 10м/ру",450.0,м
461,5,"Сетка металлическая 18*18*920*0,75мм цинк. Адмирал 30м/р",108.0,м
462,5,"Сетка металлическая 20*20*0,7мм(920мм*15м)",66.0,м
463,5,"Сетка металлическая 20*20*0,7мм(920мм*18м)",66.0,м
464,5,"Сетка металлическая 25*25*0.6мм (0,92*25м)",72.0,метр
465,5,Сетка металлическая 25*25*0.90мм (0.92*30м) цинк,113.0,метр
466,5,"Сетка металлическая 25*25*1,1мм рул.30м",150.0,м
467,5,"Сетка металлическая 25*25*1,4мм (920мм*30м)",276.0,м
468,5,Сетка металлическая 25*50*1.0мм (0.92*30м) цинк,61.0,м
469,5,Сетка металлическая 25*50*1.4мм (0.92*30м) цинк,118.0,м
470,5,"Сетка металлическая 4*4*0,5 (25м)",195.0,м
471,5,Сетка металлическая 5*5*06мм (рулон 18мм),109.0,м
472,5,Сетка металлическая 5*5мм 92см 1/18м,59.0,м
473,5,Сетка металлическая 50*12*1.8мм (0.92*30м) цинк,330.0,м
474,5,Сетка металлическая 50*50*1.0мм (0.92*30м) цинк,109.0,шт
475,5,Сетка металлическая 50*50*1.6мм (1.0*30м) цинк,239.0,м
476,5,Сетка металлическая 50*50*1мм 92см 1/18,38.0,м
477,5,"Сетка норковая 1,5м*0,9м (25*25мм)",600.0,шт
478,5,"Сетка норковая 2,25м*0,4м б/у",540.0,шт
479,5,"Сетка норковая 2,25м*0,8м б/у",960.0,шт
480,5,"Сетка норковая 2,25м*1,35м б/у",1067.0,шт
481,5,Сетка пластиковая 15*15мм (1*20м) зеленый квадрат,1888.0,шт
482,5,"Сетка пластиковая 18*18мм (1,6*10м) зеленая ромб",4313.0,шт
483,5,"Сетка пластиковая 45*45мм (1,5*20м) зеленый квадрат",3375.0,шт
484,5,"Сетка пластиковая 70*70мм (1,5*10м) зеленый ромб",5250.0,шт
485,5,Сетка пластиковая ADMIRAL сигнальная защитная 100г 45*95*1,3256.0,шт
486,5,Сетка плетёная 1.5*1.5*0.2мм (1.0*20м) цинк,1716.0,шт
487,5,"Сетка рабица 1,5м*10м*1,8мм (20*20)",2925.0,шт
488,5,"Сетка рабица 1,5*10м*1,6мм (20*20мм)",2188.0,шт
489,5,Сетка рабица б/у,30.0,кг
490,5,"Сетка рабица оцинк 1,5м*10м*2.0мм (50*50)",3000.0,шт
491,5,"Сетка рабица оцинк 1,5м*10м*3мм (50*50)",6500.0,шт
492,5,"Сетка рабица оцинк 1,8м*10м*2.0мм (50*50)",3875.0,шт
493,5,"Сетка рабица оцинк 2,0м*10м*2.0мм (50*50)",4000.0,шт
494,5,"Сетка рабица оцинк 2,0м*10м*3.0мм (50*50)",8625.0,шт
495,5,Сетка рабица оцинк 2.0м*10м*3мм (50*50),8000.0,шт
496,5,"Сетка рабица ПВХ зеленая 1,5м*10м*2,2мм (50*50)",2629.0,шт
497,5,"Сетка рабица ПВХ зеленая 1,м*10м*2,2мм (50*50)",1846.0,шт
498,5,"Сетка рабица пвх синяя 1,5м*10м*2,2мм (50*50)",2200.0,шт
499,5,"Сетка рабица ПВХ темно- зеленая 1,5м*10м*2,2мм (50*50)",2629.0,шт
500,5,"Сетка рулонная в оплетке 10м*1,5м*2мм",2745.0,шт
501,5,Сетка рулонная в оплетке 10м*2м*2мм,3525.0,шт
502,5,Сетка садовая заборная пластиковая 1.5х25м 75х75мм зеленая,5523.0,шт
503,5,Сетка усиленная фасадная 5*5 160гр/м h=1м 1рул=50п.м.,54.0,м
504,5,"Сетка штукатурная интерьерная 5*5*70гр/м 1рул=50м.п. ""Маст",46.0,м
505,6,"Саморез CMM прес. ш. 4,2*13мм сверло",0.5,шт
506,6,"Саморез CMM прес. ш. 4,2*25мм сверло",0.9,шт
507,6,Саморез CMM прес. ш. 4.2*25мм острый,0.6,шт
508,6,Саморез МЦП 4.2х16мм фас.100штук.,39.0,уп
509,6,Саморез МЦП 4.2х19мм фас.100штук.,39.0,уп
510,6,Саморез МЦП 4.2х25мм фас.100штук.,50.0,уп
511,6,Саморез МЦСП 4.2х16мм фас.100штук.,44.0,уп
512,6,Саморез МЦСП 4.2х19мм фас.100штук.,48.0,уп
513,6,Саморез МЦСП 4.2х25мм фас.100штук.,56.0,уп
514,6,"Саморез СММ прес.ш 4,2*16мм острый",0.5,шт
515,6,"Саморез СММ прес.ш 4,2*20мм сверло",1.4,шт
516,6,"Саморез СММ прес.ш. 4,2*38мм сверло",0.89,шт
517,6,"Саморез СММ прес.ш. 4,2*41мм сверло",0.9,шт
518,6,Заклёпка вытяжная комб. нержавейка 4.0*8,1.0,шт
519,6,"Саморез гипс/дерево 3,5*16мм",0.25,шт
520,6,"Саморез гипс/дерево 3,5*19мм",0.3,шт
521,6,"Саморез гипс/дерево 3,5*25мм",0.5,шт
522,6,"Саморез гипс/дерево 3,5*32мм",0.45,шт
523,6,"Саморез гипс/дерево 3,5*35мм",0.5,шт
524,6,"Саморез гипс/дерево 3,5*41мм",0.5,шт
525,6,"Саморез гипс/дерево 3,5*45мм",0.8,шт
526,6,"Саморез гипс/дерево 3,5*51мм",1.0,шт
527,6,"Саморез гипс/дерево 3,5*55мм",0.7,шт
528,6,"Саморез гипс/дерево 3,8*64мм",1.49,шт
529,6,"Саморез гипс/дерево 3,8*64мм",0.8,шт
530,6,"Саморез гипс/дерево 4,2*70мм",1.2,шт
531,6,"Саморез гипс/дерево 4,2*76мм",1.5,шт
532,6,"Саморез гипс/дерево 4,2*89мм",2.8,шт
533,6,"Саморез гипс/дерево 4,2*90мм",2.5,шт
534,6,"Саморез гипс/дерево 4,8*127мм",4.5,шт
535,6,"Саморез гипс/металл 3,5*11",0.3,шт
536,6,"Саморез гипс/металл 3,5*25",0.28,шт
537,6,"Саморез гипс/металл 3,5*31",0.28,шт
538,6,"Саморез гипс/металл 3,5*35",0.6,шт
539,6,"Саморез гипс/металл 3,5*41",0.5,шт
540,6,"Саморез гипс/металл 3,9*25",0.4,шт
541,6,Саморез гипс/металл 3.5* 55мм,0.5,шт
542,6,"Саморез по ГВЛ 3,9*19мм",0.6,шт
543,6,"Саморез по ГВЛ 3,9*25мм 1/100шт",0.95,шт
544,6,"Саморез по ГВЛ 3,9*30мм 1/100шт",0.6,шт
545,6,"Саморез по ГВЛ 3,9*35мм 1/100шт",0.7,шт
546,6,"Саморез по ГВЛ 3,9*45мм 1/100шт",1.0,шт
547,6,"Саморез СMK-SP 3,5*11 КЛОП",0.3,шт
548,6,"Саморезы 4,2*19 ЦП 1/1000шт",0.5,шт
549,7,"Уголок внешний(сосна) Экстра 25*25мм,L-3м",315.0,шт
550,7,Блокхауз 3000*113*19мм,276.0,шт
551,7,Брус 100*100*2700 б/у,350.0,шт
552,7,Брус 100*100*4000,860.0,шт
553,7,Брус 100*100*4000 лиственница,1040.0,шт
554,7,Брус 100*130*2700 б/у,600.0,шт
555,7,Брус 100*150*4000,1344.0,шт
556,7,Брус 100*150*4000 лиственница,1625.0,шт
557,7,Брус 100*200*4000 лиственница,2364.0,шт
558,7,Брус 150*150*4000,1955.0,шт
559,7,Брус 150*150*4000 лиственница,2364.0,шт
560,7,Брусок 20*45*2300мм,105.0,шт
561,7,Брусок 25*30*4000мм,155.0,шт
562,7,Брусок 30*30*3000мм,135.0,шт
563,7,Брусок 30*30*3500мм,155.0,шт
564,7,Брусок 30*30*4000мм,165.0,шт
565,7,Брусок 30*40*3000мм,155.0,шт
566,7,Брусок 30*40*4000мм,175.0,шт
567,7,Брусок 30*45*2000мм,95.0,шт
568,7,Брусок 30*45*3000мм,165.0,шт
569,7,Брусок 30*45*4000мм,175.0,шт
570,7,Брусок 30*50*4000мм,180.0,шт
571,7,Брусок 35*45*4000мм,185.0,шт
572,7,Брусок 40*30*2000мм,85.0,шт
573,7,Брусок 40*35*3000мм,175.0,шт
574,7,Брусок 40*40*3000мм,195.0,шт
575,7,Брусок 40*45*3000мм,165.0,шт
576,7,Брусок 40*50*3000мм,175.0,шт
577,7,Брусок проф/сухой 10*20*2500мм (1-2 сорт) хв,116.0,шт
578,7,Брусок проф/сухой 20*30*2000мм (1-2 сорт) хв,93.0,шт
579,7,Брусок проф/сухой 50*50*3000мм (1-2 сорт) хв,375.0,шт
580,7,Брусок проф/сухой 30*40*3000мм (1-2 сорт) хв,173.0,шт
581,7,Брусок проф/сухой 40*40*3000мм (1-2 сорт) сосна,240.0,шт
582,7,Брусокпроф/сухой 20*45*3000мм (1-2 сорт) хв,177.0,шт
583,7,Доска проф/сухой 45*140*4000мм (1-2 сорт) сосна,859.0,шт
584,7,Доска проф/сухая 20*95*3000мм (1-2 сорт) сосна,276.0,шт
585,7,Брусок 50*100*4000,430.0,шт
586,7,Брусок 50*120*4000,543.0,шт
587,7,Брусок 50*50*4000,215.0,шт
588,7,Брусок 50*70*4000,303.0,шт
589,7,Брусок 50*73*4000,380.0,шт
590,7,Брусок 70*130*2700 б/у,500.0,шт
591,7,"Вагонка (евро) 16*130*3000 Сорт АЕ, Сосна",457.0,шт
592,7,"Вагонка кедр 4000*115*15мм, сорт (АВ)",627.0,шт
593,7,"Вагонка липа, сорт 1, длина 1,1м",189.0,шт
594,7,"Вагонка липа, сорт 1, длина 2,6м",445.0,шт
595,7,"Вагонка хвоя АВ 12,5*96*2,3м (1/10шт)",217.0,шт
596,7,"Вагонка хвоя АВ 12,5*96*2,6м (1/10шт)",244.0,шт
597,7,"Вагонка хвоя АВ 12,5*96*2,7м (1/10шт)",252.0,шт
598,7,"Вагонка хвоя АВ 12,5*96*3,0м (1/10шт) (0,288 кв.м)",235.0,шт
599,7,"Вагонка Штиль цельная 15*90*4000, сорт АВ АНГАРСКАЯ СОСН",415.0,шт
600,7,"Галтель сосна (плинтус) 25*25мм Экстра 2,9м",205.0,шт
601,7,Горбыль (на дрова) (куб),350.0,шт
602,7,Доска 25*100*4000,215.0,шт
603,7,Доска 25*120*4000,259.0,шт
604,7,Доска 25*150*4000,326.0,шт
605,7,Доска 25*200*4000,456.0,шт
606,7,Доска 25*70*4000,150.0,шт
607,7,Доска 30*150*4000,384.0,шт
608,7,Доска 30*150*4000 Лиственница,480.0,шт
609,7,Доска 34*93*4000,228.0,шт
610,7,Доска 40*150*2800 б/у,300.0,шт
611,7,Доска 40*150*4000,512.0,шт
612,7,Доска 40*150*4000 (3/5 сорт),420.0,шт
613,7,Доска 40*150*4000 лиственница,524.0,шт
614,7,Доска 50*150*2800 б/у,350.0,шт
615,7,Доска 50*150*4000,652.0,шт
616,7,Доска 50*150*4000 (3/5 сотр),525.0,шт
617,7,Доска 50*150*4000 лиственница,777.0,шт
618,7,Доска 50*150*6000,1389.0,шт
619,7,Доска 50*200*4000,800.0,шт
620,7,Доска 50*200*4000 лиственница,1040.0,шт
621,7,Доска 50*200*6000,1853.0,шт
622,7,Доска обраб. 20*96*3000 (АВ Хвоя),339.0,шт
623,7,Доска обраб. 40*96*3000 (АВ Хвоя),619.0,шт
624,7,Нащельник (хвоя),150.0,шт
625,7,Плинтус (Хвоя) 3м,300.0,шт
626,7,"Плинтус хв.35*3,0м Экстра (галтень)",225.0,шт
627,7,Поддоны деревянные,300.0,шт
628,7,"Полок липа, сорт ""В"" (2,3м)",555.0,шт
629,7,"Полок липа, сорт ""В"" (3,0м)",724.0,шт
630,7,"Полок липа, сорт ""О"" (1,4м)",305.0,шт
631,7,"Полок осина ""В"",28*92мм, длина 3,0м",675.0,шт
632,7,Рейка 15*40*2400мм ( сухой строганый) 1/476 шт,70.0,шт
633,7,Рейка 20*40*4000мм ( сухой строганый) 1/493 шт,70.0,шт
634,7,Рейка25*50*4000мм,120.0,шт
635,7,Шпала б/у,500.0,шт
636,8,Master Flesh Ys-06 черный,375.0,шт
637,8,"Арматура ""Армастек"" 4мм",17.0,м
638,8,"Арматура ""Армастек"" 8мм",23.0,м
639,8,"Арматура ""Армастек"" 10мм",72.0,м
640,8,"Арматура ""Армастек"" 12мм",134.0,м
641,8,"Арматура ""Армастек"" 14мм",138.0,м
642,8,"Арматура ""Армастек"" 6мм",25.0,м
643,8,"Арматура ""Армастек"" 7мм",29.0,м
644,8,"Арматура ст. 6,0мм (гладкая А-1)",21.0,м
645,8,"Арматура ст. 6,5мм (гладкая А-1)",23.0,м
646,8,Арматура ст. 6мм,23.0,м
647,8,Арматура ст. 8мм,44.0,м
648,8,Арматура ст. 8мм (гладкая А-1),34.0,м
649,8,Арматура ст.10мм,53.0,м
650,8,Арматура ст.10мм (гладкая А-1),56.0,м
651,8,Арматура ст.12мм,74.0,м
652,8,Арматура ст.12мм (гладкая А-1),79.0,м
653,8,Арматура ст.14мм,100.0,м
654,8,Арматура ст.14мм (гладкая А-1),100.0,м
655,8,Арматура ст.16мм,160.0,м
656,8,Арматура ст.16мм (гладкая А-1),160.0,м
657,8,Арматура ст.18мм,192.0,м
658,8,Арматура ст.18мм (гладкая А-1),192.0,м
659,8,Арматура ст.20мм гладкая,183.0,м
660,8,Бак для бытовых отходов,13750.0,шт
661,8,Балка 12,1340.0,м
662,8,Балка 16 Б1,1950.0,шт
663,8,Балка-14,1586.0,м
664,8,Балка-18,2703.0,м
665,8,Балка-20,2081.0,м
666,8,Балка-25,2463.0,м
667,8,"Бензокоса Експерт 2кВТ ,7,5.кг.",10107.0,шт
668,8,"Бензокоса Експерт 2кВТ ,8.8кг.",7657.0,шт
669,8,Бетоносмеситель ЕКСПЕРТ ВМ-140,9695.0,шт
670,8,Бетоносмеситель ЕКСПЕРТ ВМ-160,10688.0,шт
671,8,Бетоносмеситель ЕКСПЕРТ ВМ-180,11541.0,шт
672,8,Бетоносмеситель ЕКСПЕРТ ВМ-200,11802.0,шт
673,8,Бетоносмеситель ЕКСПЕРТ ВМ-220,16770.0,шт
674,8,Бочка-тара б/у,600.0,шт
675,8,Гвоздь для гибкой черепицы(ершоные),329.0,кг
676,8,Гвоздь железные 100мм ящ/25кг,133.0,кг
677,8,Гвоздь железный 120мм ящ/25кг,113.0,кг
678,8,Гвоздь железный 150мм ящ/25кг,113.0,кг
679,8,Гвоздь железный 200мм ящ/25кг,105.0,кг
680,8,Гвоздь железный 40мм ящ/25кг,215.0,кг
681,8,Гвоздь железный 50мм ящ/25кг,106.0,кг
682,8,Гвоздь железный 60мм ящ/25кг,106.0,кг
683,8,Гвоздь железный 70мм ящ/25кг,215.0,кг
684,8,Гвоздь железный 80мм ящ/25кг,106.0,кг
685,8,Гвоздь железный 90мм ящ/25кг,113.0,кг
686,8,"Гвоздь шиферный 5,0*120мм",224.0,кг
687,8,"Грядки (Тепличная ) 3800*1000*210 мм (0,45мм)",4235.0,шт
688,8,Грядки (Урожайная) 10 соток зеленой мох 2000*1000 мм,2300.0,шт
689,8,Грядки (Урожайная) 10 соток цинк 2000*1000 мм,2300.0,шт
690,8,"Декопир 2500*1250*0,7мм",838.0,м
691,8,"Декопир 2500*1250*1,0мм",1123.0,м
692,8,"Декопир 2500*1250*1,2мм",1350.0,м
693,8,"Декопир 2500*1250*1,5мм",1653.0,м
694,8,"Ендова нижняя 2,0м, синий",720.0,шт
695,8,Ендовая планка 100*100*2500 (шоколад),650.0,шт
696,8,"Забор ""Пикет"" 1,0м зеленый мох",84.0,шт
697,8,"Забор ""Пикет"" 1,0м красное вино",162.0,шт
698,8,"Забор ""Пикет"" 1,0м шоколад",89.0,шт
699,8,"Забор ""Пикет"" 1,2м желтый",153.0,шт
700,8,"Забор ""Пикет"" 1,2м зел.мох",143.0,шт
701,8,"Забор ""Пикет"" 1,2м красное вино",143.0,шт
702,8,"Забор ""Пикет"" 1,2м оранжевый",153.0,шт
703,8,"Забор ""Пикет"" 1,3м графит",116.0,шт
704,8,"Забор ""Пикет"" 1,5м зеленый",134.0,шт
705,8,"Забор ""Пикет"" 1,5м красное вино",185.0,шт
706,8,"Забор ""Пикет"" 1,7м дерево (PRINTECH) двухстороний",269.0,шт
707,8,"Забор ""Пикет"" 2,0м шоколад",178.0,шт
708,8,Заглушка металл 40*40 (с шариком),36.0,шт
709,8,Заглушка 100*100,119.0,шт
710,8,Заглушка 100*50,66.0,шт
711,8,Заглушка 20*20,19.0,шт
712,8,Заглушка 25*25,30.0,шт
713,8,Заглушка 30*30,20.0,шт
714,8,Заглушка 40*20,34.0,шт
715,8,Заглушка 40*25,36.0,шт
716,8,Заглушка 40*40,23.0,шт
717,8,Заглушка 50*25,50.0,шт
718,8,Заглушка 50*50,25.0,шт
719,8,Заглушка 50*50 металл,42.0,шт
720,8,Заглушка 50*50 металл с шарик,60.0,шт
721,8,Заглушка 60*30,48.0,шт
722,8,Заглушка 60*40,60.0,шт
723,8,Заглушка 60*60,65.0,шт
724,8,Заглушка 60*60 (пирамида),65.0,шт
725,8,Заглушка 60*80,70.0,шт
726,8,Заглушка 80*40,64.0,шт
727,8,Заглушка 80*80,43.0,шт
728,8,Заглушка 80*80 пирамида черный,84.0,шт
729,8,Заглушка квадратная 60*60мм пластиковая для столба секцион,38.0,шт
730,8,Заглушка круглая д.32мм черный,24.0,шт
731,8,Заглушка круглая д.57мм черный,60.0,шт
732,8,Заглушка круглая д.76мм черный,65.0,шт
733,8,Заглушка прямая (шоколад),240.0,шт
734,8,"Заклепка 1,0*8",460.0,шт
735,8,Зонт 115 для буржуйки,771.0,шт
736,8,Зонт 115/200 для буржуйки,2564.0,шт
737,8,"Зонт 200 (0,5) для буржуйки",1300.0,шт
738,8,Карзинка 12 (125х55х12),188.0,шт
739,8,Карнизная планка шоколад 2500мм,379.0,шт
740,8,Карнизная планка шоколад 2500мм (120),298.0,шт
741,8,Квадрат 10*10мм,108.0,м
742,8,Квадрат 12*12мм,157.0,м
743,8,Квадрат 14*14мм,214.0,м
744,8,Квадрат 16*16мм,281.0,м
745,8,Квадрат 20*20мм,489.0,м
746,8,Конек большой прямой (191*191 ) 2.500м красное вино,875.0,шт
747,8,Конек большой прямой (191*191 ) 2.500м шоколад,1650.0,шт
748,8,Конек большой прямой (200*200 ) 2.500м зел/мох,1650.0,шт
749,8,"Конек большой прямой 610*610 (0,45мм) 2,5м морская волна",3300.0,шт
750,8,"Конек КНР 2,0м зел.мох",750.0,шт
751,8,"Конек КНР 2,0м кр/вино",750.0,шт
752,8,"Конёк КНР 2.0м цинк (0,45мм)",750.0,шт
753,8,Конек КНР 2.0м шоколад,750.0,шт
754,8,"Конек РФ (190*190мм) 2,5м зел.мох",1650.0,шт
755,8,"Конек РФ (200*200мм) 2,5м зел.мох",1650.0,шт
756,8,Конек шоколад 2500мм,1650.0,шт
757,8,КонекРФ (190*190) 2.5м шоколад,1650.0,шт
758,8,Лестница шарнирная алюминиевая 4*2,5113.0,шт
759,8,Лестница шарнирная алюминиевая 4*3,6111.0,шт
760,8,Лестница шарнирная алюминиевая 4*4,7902.0,шт
761,8,Лестница шарнирная алюминиевая 4*5,8241.0,шт
762,8,Лист г/к 10*1500*6000мм,12500.0,м
763,8,Лист г/к 16*1500*6000мм,15828.0,кг
764,8,"Лист г/к 2,0*1000*2000мм",1923.0,м
765,8,"Лист г/к 2,0*1250*2500мм",2094.0,м
766,8,Лист г/к 20*1500*6000мм,16552.0,м2
767,8,"Лист г/к 3,0 (0,90*0,53м) (0,477 м2)",1362.0,шт
768,8,"Лист г/к 3,0*1000*2000мм",2855.0,м
769,8,"Лист г/к 3,0*1000*4000мм",2545.0,м
770,8,"Лист г/к 3,0*1250*2500мм",3005.0,м
771,8,"Лист г/к 3,0*1500*3000мм",11292.0,шт
772,8,"Лист г/к 3,0*1500*6000мм",4274.0,м
773,8,Лист г/к 4.0*1500*6000мм,3933.0,м
774,8,"Лист г/к 5,0*1500*6000мм",6161.0,м
775,8,"Лист г/к 6,0*1500*6000мм",7428.0,м
776,8,Лист г/к 8.0*1500*6000мм,10218.0,м
777,8,Лист г/к рифленый 3*1250*2500мм,3295.0,м
778,8,Лист г/к рифленый 4*1500*6000мм,31329.0,шт
779,8,Лист г/к рифленый 5*1500*6000мм,55711.0,шт
780,8,"Лист гладкий 1250*0,45мм шоколад (рулон)",525.0,м
781,8,"Лист гладкий 2000 х1000х0,35мм (зеленый)",750.0,шт
782,8,"Лист гладкий 2000 х1000х0,35мм (шоколад)",750.0,шт
783,8,"Лист гладкий 2000 х1250х0,45мм (зеленый)",1125.0,шт
784,8,"Лист гладкий 2000 х1250х0,45мм (кр.вино)",1125.0,шт
785,8,"Лист гладкий 2000*1250*0,5мм (цинк)",1250.0,шт
786,8,"Лист гладкий 2000х1000х0,35мм кр/вино",750.0,шт
787,8,"Лист гладкий 2000х1250х0,45мм (зеленый)",1000.0,шт
788,8,"Лист гладкий 2000х1250х0,45мм (шоколад)",1125.0,шт
789,8,"Лист гладкий 2400х1000х0,35мм (кирпичики)",960.0,шт
790,8,"Лист гладкий 2500 х1250х0,45мм (зеленый)",1410.0,шт
791,8,"Лист гладкий 2500 х1250х0,5мм (шоколад)",1188.0,шт
792,8,"Лист гладкий 2500*1250*0,45мм (цинк)",1390.0,шт
793,8,"Лист гладкий 2500*1250*0,5мм (белый)",1750.0,шт
794,8,"Лист гладкий 2500*1250*0,5мм (цинк)",2188.0,шт
795,8,"Лист гладкий 2500*1250*0,65мм (цинк)",1320.0,шт
796,8,"Лист гладкий 2500*1250х0,7мм (цинк)",1600.0,шт
797,8,"Лист гладкий 2500х1000х0,35мм (цинк)",875.0,шт
798,8,Лист гладкий 2500х1250х0.5мм (цинк),1565.0,шт
799,8,"Лист гладкий 4000*1250*0,5мм (белый)",2000.0,шт
800,8,Лист просечно-вытяж.4*1000*3000мм,6195.0,шт
801,8,"Мастер флеш черный,угловой, силикон",2850.0,шт
802,8,металл б/у,50.0,кг
803,8,"Металлочерепица ""Каскад""6021мм, зел.мох 0.45мм",6479.0,шт
804,8,"Металлочерепица ""Монтеррей"" 4688 мм 0.45мм (Красное вин",3095.0,шт
805,8,Наконечник винтовой 57,500.0,шт
806,8,Наконечник винтовой 76,775.0,шт
807,8,Наконечник лопостной 57,500.0,шт
808,8,Наконечник лопостной 76,775.0,шт
809,8,Наконечник лопостной 89,1000.0,шт
810,8,Насадка для сваи серии N T-150,585.0,шт
811,8,Насадка для сваи серии N Z 55/60,586.0,шт
812,8,Оголовок 76/89/102 (200*200) 6мм,450.0,шт
813,8,"Оголовок для буржуйки 115. 0,5мм",1009.0,шт
814,8,Отвод метал. 57/4мм,400.0,шт
815,8,Отвод метал.76/4мм,500.0,шт
816,8,"Отвод 45гр для буржуйки 115. 0,5мм",771.0,шт
817,8,"Отвод 45гр для буржуйки 115. 1,0мм",950.0,шт
818,8,"Отвод 90гр для буржуйки 115, 0,5мм",1000.0,шт
819,8,"Отвод 90гр для буржуйки 115, 1мм",1500.0,шт
820,8,"Отвод ф89*3,5",724.0,шт
821,8,"Переход ( котел-сэндвич) 280*200 (0,5мм)",4000.0,шт
822,8,Переход моно-термо для буржуйки 115/200,1995.0,шт
823,8,Печь отопительная Везувий В11 до 170м.куб,34980.0,шт
824,8,Печь отопительная Жара-Бухара 400П без колец НЕ,17532.0,шт
825,8,Полоса металл.6000*20*4мм,79.0,м
826,8,Полоса металл.6000*40*4мм,129.0,м
827,8,Полоса металл.6000*50*5мм,196.0,м
828,8,"Проволока ""Колючая"" бухта 25-27кг( приблизительная длина 2",168.0,кг
829,8,"Проволока т/о 1,2мм",120.0,кг
830,8,"Проволока т/о 2,0 мм",115.0,кг
831,8,"Проволока т/о 3,0мм",112.0,кг
832,8,"Проволока т/о 4,0мм",112.0,кг
833,8,Проволока т/о 5.0мм,103.0,кг
834,8,Проволока т/о 6.0мм,109.0,кг
835,8,Проволока т/о цинк 2.0мм,182.0,кг
836,8,Проволока т/о цинк 3.0мм,173.0,кг
837,8,Проволока т/о цинк 4.0мм,238.0,кг
838,8,Профлист цинк. (0.7мм) Н-75,700.0,м
839,8,"Профлист 1,5м зел.мох(0,35мм) С-10",563.0,шт
840,8,"Профлист 1,5м зел/мох (0.45мм) H-10",844.0,шт
841,8,"Профлист 1,5м кр/вино (0,35мм)С-10",563.0,шт
842,8,"Профлист 1,5м кр/вино (0,45мм)С-10",844.0,шт
843,8,"Профлист 1,5м шоколад (0,45мм) С-10",844.0,шт
844,8,"Профлист 1,5м шоколад(0,35мм) С-10",563.0,шт
845,8,"Профлист 2,0 м шоколад (0,45мм) НС-10",1125.0,шт
846,8,"Профлист 2,0м зел/мох (0,35мм)С-10",750.0,шт
847,8,"Профлист 2,0м кр/вино (0,35мм)С-10",750.0,шт
848,8,"Профлист 2,0м кр/вино (0.45мм) С-10",1125.0,шт
849,8,"Профлист 2,0м шоколад (0,35мм)С-10",750.0,шт
850,8,"Профлист 2,3м кр/вино (0,50мм) НС-21",1438.0,шт
851,8,Профлист 2.0м зел/мох (0.45мм) С-10,1125.0,шт
852,8,"Профлист 3,0м кр/вино (0,45мм)С-10",1688.0,шт
853,8,Профлист 3.0м зел/мох (0.45мм) С-10,1500.0,шт
854,8,Профлист 3.0м синий (0.45мм) НС-21,1500.0,шт
855,8,"Профлист 5,6м з/мох (0.7мм) НС-35",650.0,м
856,8,"Профлист 5.0м шоколад (0,45мм) Н-10",2394.0,шт
857,8,Профлист 6.0м зел.мох. (0.45мм) НС-21,563.0,м
858,8,Профлист 6.0м кр.вино (0.45мм) НС-21,563.0,м
859,8,"Профлист 6.0м цинк (0,45мм) НС-21",565.0,м
860,8,Профлист 6.0м шоколад(0.45мм) С-21,563.0,м
861,8,"Профлист 7.8м.зеленый-мох (0,5мм) H-10",4875.0,шт
862,8,Профлист 8м Графит (0.65мм) H-21,6947.0,шт
863,8,Профлист м зел/мох (0.7мм) НС-35,650.0,м
864,8,"Профлист рулон 20 м белый (0,35мм)",375.0,м
865,8,"Профлист (уценка) 1.4м зеленый (0,35мм) НС-10",420.0,шт
866,8,"Профлист (уценка) 2.5м бирюза (0,35мм) С-10",650.0,шт
867,8,"Профлист (уценка) 3.0м цинк (0,45мм) НС-21",1050.0,шт
868,8,Профлист (уценка) цинк. (0.7мм) Н-75,455.0,м
869,8,"Профлист (уценка) 2.м камуфляж (0,35мм) НС-10",520.0,шт
870,8,"Профлист (уценка) 2.м красное-вино (0,35мм) НС-10",520.0,шт
871,8,"Профлист (уценка) шоколад (0,35мм) НС-10",260.0,м
872,8,"Профлист 7,5м Н-44 1045 (1000) 0,45мм",4420.0,шт
873,8,"Саморез кровельный 4,8*35мм RAL7024 графит (100шт)",3.0,шт
874,8,"Саморез по дер 4,8*35 белый",2.5,шт
875,8,"Саморез по дер 4,8*35 зел.мох",2.5,шт
876,8,"Саморез по дер 4,8*35 кр/вино",2.5,шт
877,8,"Саморез по дер 4,8*35 мор/волна",2.5,шт
878,8,"Саморез по дер 4,8*35 синий",2.5,шт
879,8,"Саморез по дер 4,8*35 цинк.",2.5,шт
880,8,"Саморез по дер 4,8*35 шоколад",2.5,шт
881,8,"Саморез по дер 4,8*50 кр/вино",3.0,шт
882,8,"Саморез по дер 4,8*50 цинк.",3.0,шт
883,8,"Саморез по дер 4,8*51 зел/мох",3.0,шт
884,8,"Саморез по дер 4,8*51 кр/вино",3.2,шт
885,8,"Саморез по дер 4,8*51 мор/волна",3.0,шт
886,8,"Саморез по дер 4,8*51 шоколад",3.0,шт
887,8,"Саморез по дер 4,8*70 шоколад",3.0,шт
888,8,"Саморез по дер. 4,8*29 синий",2.5,шт
889,8,Саморез по дер. 4.8*35 графит,5.0,шт
890,8,"Саморез по мет. 4,8*25 зел.мох",2.5,шт
891,8,"Саморез по мет. 4,8*25 кр/вино",2.5,шт
892,8,"Саморез по мет. 4,8*25 шоколад",2.5,шт
893,8,"Саморез по мет. 5,5*19 зел/мох",3.0,шт
894,8,"Саморез по мет. 5,5*19 кр/вино",2.5,шт
895,8,"Саморез по мет. 5,5*19 мор/волна",2.5,шт
896,8,"Саморез по мет. 5,5*19 синий",2.5,шт
897,8,"Саморез по мет. 5,5*19 цинк",2.5,шт
898,8,"Саморез по мет. 5,5*19 шоколад",2.5,шт
899,8,"Свая винтовая без фланца 76*1200*2,5мм, оцинковка, э болта",1499.0,шт
900,8,"Свая винтовая без фланца №60 550*60*1,7",406.0,шт
901,8,"Свая винтовая с фланцем №76 2000*76*3,75мм",2775.0,шт
902,8,Свая винтовая СВЛ 60*2500мм,2625.0,шт
903,8,Свая винтовая СВЛ 73*150*2500мм,3375.0,шт
904,8,Свая винтовая СВЛ 73*200*2000мм,2437.0,шт
905,8,Свая винтовая СВЛ 73*2000мм,2750.0,шт
906,8,Свая винтовая СВЛ 73*2500мм,3125.0,шт
907,8,Свая винтовая СВЛ 73*3000мм,3625.0,шт
908,8,Свая винтовая СВЛ 76*250*2500мм,2315.0,шт
909,8,"Свая винтовая СВЛ 76*5,5*200*2500мм",2625.0,шт
910,8,Свая винтовая СВШ 60*2500мм,2625.0,шт
911,8,Свая винтовая СВШ 60*80*1800мм,1750.0,шт
912,8,Свая винтовая СВШ 60*80*2000 мм,2125.0,шт
913,8,Свая винтовая СВШ 73*150*2500мм,3375.0,шт
914,8,Свая винтовая СВШ 73*2000мм,3375.0,шт
915,8,Свая винтовая СВШ 73*3000мм,3625.0,шт
916,8,"Свая винтовая СВШ 73*5,5*2500мм",2200.0,шт
917,8,Свая винтовая СВШ 79*90*2500мм,2625.0,шт
918,8,Свая винтовая СВШ 89*115*2000мм,2340.0,шт
919,8,Свая винтовая толстостенная с литым наконечником Лопасть 7,2000.0,шт
920,8,Свая винтовая толстостенная с литым наконечником Лопасть 7,2625.0,шт
921,8,"Свая забивная 830*0,3*0,3мм",1175.0,шт
922,8,Свая забивная1200*60*60мм,1487.0,шт
923,8,Скобы строительные d-10 270*70мм,37.0,шт
924,8,Скобы строительные d-10 200*70мм,37.0,шт
925,8,Скобы строительные d-10 300*70мм,42.0,шт
926,8,Скобы строительные d-8 270*70мм,29.0,шт
927,8,Скобы строительные d-8 300*70мм,34.0,шт
928,8,"Столб 60*2,1м 3D с фланцем 150*150",1500.0,шт
929,8,"Столб 63*52*1,5*2000мм для сетки 3D",2313.0,шт
930,8,"Столб квадратный 3000*60*60*1,5мм без фланца фланцем.",2000.0,шт
931,8,"Стремянка 10 ступени, стальная, оцинк.",3688.0,шт
932,8,"Стремянка 4 ступени, стальная, оцинк.",1641.0,шт
933,8,"Стремянка 5 ступени, стальная, оцинк.",1874.0,шт
934,8,"Стремянка 6 ступени, стальная, оцинк.",3060.0,шт
935,8,"Стремянка 8 ступени, стальная, оцинк.",3737.0,шт
936,8,"Тачка 1-х колесная, 125кг, обьем 65л ( зеленая)",1725.0,шт
937,8,"Тачка строит. ЕКСПЕРТ 120л, 250кг.",2400.0,шт
938,8,"Тачка строит. ЕКСПЕРТ 120л, 300кг.",2626.0,шт
939,8,"Тачка строит.усиленная,1-х колесная, ""Полиуретанновое ""150к",4020.0,шт
940,8,"Тачка строит.усиленная,1-х колесная, 150кг, обьем 75л ( оранж",3468.0,шт
941,8,"Тачка строит.усиленная,1-х колесная, 150кг, обьем 75л ( серая/",4188.0,шт
942,8,"Тачка строит.усиленная,1-х колесная, 300кг, обьем120л (желта",2438.0,шт
943,8,"Тачка строит.усиленная,1-х колесная, 80кг, обьем 65л ( оцинко",2660.0,шт
944,8,"Тачка строит.усиленная,2-х колесная, 200кг, обьем 100л ( оран",4523.0,шт
945,8,"Тачка строит.усиленная,2-х колесная, 200кг, обьем 100л ( оран",5025.0,шт
946,8,"Тачка строит.усиленная,2-х колесная, 320кг, обьем 100л ( красн",7685.0,шт
947,8,"Тачка строительная, усиленная,2-х колесная ""ПОЛИУРЕТАНОВО",5025.0,шт
948,8,Тройник сэндвич 280*200 (90 градусов),5000.0,шт
949,8,"Труба б/у 200мм (3,5м)",3360.0,шт
950,8,"Труба б/у 530мм*12мм (11,67м) 1,74тн",7500.0,м
951,8,"Труба б/у э/с 250мм L=6,6м",7920.0,шт
952,8,"Труба для буржуйки (сендвич) 115/200, 1м/0,5мм",4560.0,шт
953,8,"Труба для буржуйки (сендвич) 200, 1м/0,5мм",6400.0,шт
954,8,"Труба для буржуйки (сендвич) 280/200, 1м/0,5мм",6900.0,шт
955,8,"Труба для буржуйки д.115, 0,5м/0,5мм",713.0,шт
956,8,"Труба для буржуйки д.115, 0,5м/1,0мм",1247.0,шт
957,8,"Труба для буржуйки д.115, 1м/0,5мм",889.0,шт
958,8,"Труба для буржуйки д.115, 1м/1мм",1901.0,шт
959,8,"Труба для буржуйки д.200, 0,3м/0,5мм",1200.0,шт
960,8,"Труба для буржуйки д.200, 0,6м/0,5мм",2400.0,шт
961,8,"Труба для буржуйки нержав. (сендвич) 115/200, 1м/0,5мм",5557.0,шт
962,8,Труба ст. проф. 100*50*3мм(12000мм),701.0,м
963,8,Труба ст. проф. 100*50*4мм,875.0,м
964,8,Труба ст. проф. 120*120*4мм,1824.0,м
965,8,Труба ст.проф.140*140*5мм,3171.0,м
966,8,"Труба ст.проф.15*15*1,5мм",66.0,м
967,8,Труба ст.проф.150*150*5мм,3288.0,м
968,8,Труба ст.проф.180*180*6мм,4227.0,м
969,8,"Труба ст.проф.20*20*1,5мм",94.0,м
970,8,Труба ст.проф.20*20*2мм,128.0,м
971,8,"Труба ст.проф.25*25*1,5мм",116.0,м
972,8,Труба ст.проф.25*25*2мм,147.0,м
973,8,Труба ст.проф.30*20*2мм,203.0,м
974,8,Труба ст.проф.30*30*2мм,179.0,м
975,8,Труба ст.проф.40*20*2мм,180.0,м
976,8,Труба ст.проф.40*25*2мм,186.0,м
977,8,Труба ст.проф.40*40*2мм,242.0,м
978,8,Труба ст.проф.40*40*3мм,342.0,м
979,8,Труба ст.проф.50*25*2мм,231.0,м
980,8,Труба ст.проф.50*50*2мм,339.0,м
981,8,Труба ст.проф.50*50*3мм,426.0,м
982,8,Труба ст.проф.50*50*4мм,576.0,м
983,8,Труба ст.проф.60*30*2мм,262.0,м
984,8,Труба ст.проф.60*30*3мм,395.0,м
985,8,Труба ст.проф.60*40*3мм,472.0,м
986,8,Труба ст.проф.60*40*4мм,545.0,м
987,8,Труба ст.проф.60*60*2мм,400.0,м
988,8,Труба ст.проф.60*60*3мм,585.0,м
989,8,Труба ст.проф.60*60*4мм,716.0,м
990,8,Труба ст.проф.80*40*3мм,591.0,м
991,8,Труба ст.проф.80*80*3мм,701.0,м
992,8,Труба ст.проф.80*80*4мм,937.0,м
993,8,Труба ст.проф.80*80*5мм,1359.0,м
994,8,Труба ст.проф100*100*3мм,898.0,м
995,8,Труба ст.проф100*100*4мм,1178.0,м
996,8,Труба э/с 273*6мм,7330.0,м
997,8,"Труба э/с 15/21*2,8мм",163.0,м
998,8,Труба э/с 160,2347.0,м
999,8,"Труба э/с 21/27*2,8мм",216.0,м
1000,8,Труба э/с 219*6мм,5850.0,м
1001,8,Труба э/с 220,5616.0,м
1002,8,"Труба э/с 27/32 *3,5мм",254.0,м
1003,8,Труба э/с 290*6мм,5122.0,м
1004,8,"Труба э/с 36/42*3,5мм",296.0,м
1005,8,"Труба э/с 42/48*3,5мм",395.0,м
1006,8,"Труба э/с 57*3,5мм",476.0,м
1007,8,"Труба э/с 60*3,5мм",509.0,м
1008,8,"Труба э/с 76*3,5мм",658.0,м
1009,8,"Труба э/с 89* 3,5мм",781.0,м
1010,8,"Труба э/с108*3,5мм",932.0,м
1011,8,"Труба э/с133*4,5мм",1330.0,м
1012,8,"Труба э/с159*4,5мм",1768.0,м
1013,8,Уголок 25*25*4мм,156.0,м
1014,8,Уголок 32*32*4мм,205.0,м
1015,8,Уголок 35*35*4мм,198.0,м
1016,8,Уголок 40*40*4мм,235.0,м
1017,8,Уголок 45*45*4мм,269.0,м
1018,8,Уголок 50*50*5мм,330.0,м
1019,8,Уголок 63*63*5мм,429.0,м
1020,8,Уголок 75*75*5мм,568.0,м
1021,8,Уголок 75*75*6мм,781.0,м
1022,8,Уголок100*100*7мм,1313.0,м
1023,8,Фланец ст. 100*10,420.0,шт
1024,8,Фланец ст. 140*140,175.0,шт
1025,8,Фланец ст. 150*150,213.0,шт
1026,8,Фланец ст. 160*160,313.0,шт
1027,8,Фланец ст.80*10,336.0,шт
1028,8,"Фронтон (15,80,80,15,0,45,7024 графит,2500,2500)",434.0,шт
1029,8,"Фронтон прямой 104*124 ДАМИР (2500,045,3005 красное вино",550.0,шт
1030,8,"Хомут 1ХС д.115,409КТ",282.0,шт
1031,8,Хомут квадратный 60*60мм для сетки 3Д,113.0,шт
1032,8,Хомут круглый 60мм для сетки 3Д с 2 комплектами болтов и га,137.0,шт
1033,8,Швеллер 6.5,805.0,м
1034,8,Швеллер 8,758.0,м
1035,8,Швеллер 10,925.0,м
1036,8,Швеллер 12,1162.0,м
1037,8,Швеллер 14,1260.0,м
1038,8,Швеллер 16,1494.0,м
1039,8,Швеллер 18,1625.0,м
1040,8,Швеллер 20,2875.0,м
1041,8,Швеллер 22,2781.0,м
1042,8,Швеллер 27,3666.0,м
1043,8,"Шибер поворотный 1ШП д.115,409,1мм,КТ",1069.0,шт
1044,8,"Штакетник ""Пикет"" 1.5 м. Шоколад",124.0,шт
1045,8,"Штакетник ""Пикет"" 2 м. графит",214.0,шт
1046,9,POLYNOR напыляемый полиуретановый утеплитель,775.0,шт
1047,9,"Ветошь вафельная шир45см, рул/60м",55.0,м
1048,9,Диск алмазный MATRIX 230*22*S C731155,342.0,шт
1049,9,Диск отрезной по металлу d-115 0.8мм ЛУГА 25шт/упак,27.0,шт
1050,9,"Диск отрезной по металлу d-115 1,2мм ЛУГА 25шт/упак",30.0,шт
1051,9,"Диск отрезной по металлу d-125 0,8мм ЛУГА 25шт/упак",33.0,шт
1052,9,"Диск отрезной по металлу d-125 1,0мм ЛУГА 25шт/упак",33.0,шт
1053,9,"Диск отрезной по металлу d-125 1,2мм ЛУГА 25шт/упак",34.0,шт
1054,9,"Диск отрезной по металлу d-125 1,6мм ЛУГА 25шт/упак",36.0,шт
1055,9,Диск отрезной по металлу d-150 1.0мм ЛУГА 25шт/упак,41.0,шт
1056,9,Диск отрезной по металлу d-150 1.2мм ЛУГА 25шт/упак,57.0,шт
1057,9,Диск отрезной по металлу d-150 1.6мм ЛУГА 25шт/упак,44.0,шт
1058,9,Диск отрезной по металлу d-150 2.0мм ЛУГА 25шт/упак,47.0,шт
1059,9,"Диск отрезной по металлу d-180*1,6*22 ( 25шт/уп)",57.0,шт
1060,9,"Диск отрезной по металлу d-180*2,0*22 ( 25шт/уп)",60.0,шт
1061,9,"Диск отрезной по металлу d-230 1,6мм ЛУГА (25шт. упак).",104.0,шт
1062,9,"Диск отрезной по металлу d-230 2,0мм ЛУГА (25шт. упак).",108.0,шт
1063,9,"Диск отрезной по металлу d-230 2,5мм ЛУГА 25шт/упак",94.0,шт
1064,9,Дюбель 6*36 RD красный ADMIRAL фас.100шт/к50,64.0,уп
1065,9,Дюбель 6*51 RD красный ADMIRAL фас.100шт/к25,78.0,уп
1066,9,Жидкость незамерзающая 5л -30,228.0,шт
1067,9,Изолента ПВХ 15мм*20мм красная Адмирал,34.0,шт
1068,9,Изолента ПВХ 15мм*20мм синяя Адмирал,32.0,шт
1069,9,Изолента ПВХ 15мм*20мм черная Адмирал,32.0,шт
1070,9,Кисть для покраски 5см,33.0,шт
1071,9,Клей полиуретановый POLYNOP STIK,437.0,шт
1072,9,Клей-пена PROFFIX 100,491.0,шт
1073,9,"Кляймеры №4,уп/80шт",95.0,шт
1074,9,"Круг зачистной по металлу, 125*6,0*22,2мм",111.0,шт
1075,9,"Круг зачистной по металлу, 150*6,0*22,2мм",103.0,шт
1076,9,"Круг зачистной по металлу, 180*6,0*22,2мм",170.0,шт
1077,9,"Круг зачистной по металлу,230*6,0*22,2мм",248.0,шт
1078,9,"Круг лепестковый торцевой зернистость Р100 (12Н) 125*22,2мм",108.0,шт
1079,9,"Круг лепестковый торцевой, зернистость Р120 (10Н) 125*22,2м",107.0,шт
1080,9,"Круг лепестковый торцевой, зернистость Р36 (50Н) 125*22,2мм",108.0,шт
1081,9,"Круг лепестковый торцевой, зернистость Р40 (40Н) 125*22,2мм",105.0,шт
1082,9,"Круг лепестковый торцевой, зернистость Р60 (25Н) 125*22,2мм",99.0,шт
1083,9,"Круг лепестковый торцевой, зернистость Р80 125*22,2мм",100.0,шт
1084,10,"Грунт-эмаль по ржавч. 3в1 белая 0,9 кг EUROPLAST",324.0,шт
1085,10,"Грунт-эмаль по ржавч. 3в1 зеленая 0,9 кг EUROPLAST",371.0,шт
1086,10,Грунт-эмаль по ржавч. 3в1 зеленая 6 кг EUROPLAST,1.0,шт
1087,10,Грунт-эмаль по ржавч. 3в1 зеленая 6 кг EUROPLAST,2300.0,шт
1088,10,"Грунт-эмаль по ржавч. 3в1 зеленая1,9 кг EUROPLAST",759.0,шт
1089,10,"Грунт-эмаль по ржавч. 3в1 коричневая 0,9 кг быстросохн.",329.0,шт
1090,10,"Грунт-эмаль по ржавч. 3в1 коричневая 1,9 кг быстросохн.",678.0,шт
1091,10,"Грунт-эмаль по ржавч. 3в1 красная 0,9 кг EUROPLAST",324.0,шт
1092,10,"Грунт-эмаль по ржавч. 3в1 серая 0,9 кг EUROPLAST",359.0,шт
1093,10,"Грунт-эмаль по ржавч. 3в1 серая 0,9 кг быстросохн. DEKOR SPRI",330.0,шт
1094,10,"Грунт-эмаль по ржавч. 3в1 серая 1,9 кг EUROPLAST",751.0,шт
1095,10,"Грунт-эмаль по ржавч. 3в1 серая 1,9 кг быстросохн. DEKOR SPRI",678.0,шт
1096,10,Грунт-эмаль по ржавч. 3в1 серая 6 кг EUROPLAST,2134.0,шт
1097,10,"Грунт-эмаль по ржавч. 3в1 черная 0,9 кг EUROPLAST",362.0,шт
1098,10,"Грунт-эмаль по ржавч. 3в1 черная 1,9 кг EUROPLAST",751.0,шт
1099,10,"Грунт-эмаль по ржавч. 3в1 черная 1,9 кг быстросохн.",678.0,шт
1100,10,Грунт-эмаль по ржавч. 3в1 черная 6 кг EUROPLAST,2134.0,шт
1101,10,"Грунт-эмаль по ржавчине ""Расцвет"" 3в1 темно зеленая 0,9кг",327.0,шт
1102,10,"Грунт-эмаль по ржавчине ""Расцвет"" 3в1 темно зеленая 2,7кг",753.0,шт
1103,10,"Грунт-эмаль по ржавчине ""Расцвет"" 3в1темно зеленая 1.9кг",584.0,шт
1104,10,Краска в/д ФАСАДНАЯ акрил. мат. VESNA 14кг,2765.0,шт
1105,10,Краска в/д ФАСАДНАЯ акрил. мат. VESNA 7кг,848.0,шт
1106,10,Краска в/д GOLexpert для наружных работ акрил матовая 14 кг,1980.0,шт
1107,10,Краска в/д ИНТЕРЬЕР акрил. мат. VESNA 14кг,928.0,шт
1108,10,Краска в/д ИНТЕРЬЕР акрил. мат. VESNA 7кг,431.0,шт
1109,10,"Краска в/эм ""Морской конек"" KSM6010 18л универсальная",3568.0,шт
1110,10,"Краска в/эм ""Морской конек"" KSM6010 4л универсальная",1079.0,шт
1111,10,Краска в/эм д/наружных работ Фасадная Адмирал акрил-латек,1560.0,шт
1112,10,Краска в/эм д/наружных работ Фасадная Адмирал акрил-латек,1451.0,шт
1113,10,Краска в/эм для стен и потолков Адмирал акрил-латекс 14кг.,1287.0,шт
1114,10,Краска в/эм для стен и потолков Адмирал акрил-латекс 7кг,1192.0,шт
1115,10,Краска в/эм.PowerJex 6010-1 4л наруж.,1306.0,шт
1116,10,Краска в/эм.PowerJex 6010-1 18л наруж.,4702.0,шт
1117,10,Краска в/эм.PowerJex 6010-2 18л внутр.,2948.0,шт
1118,10,Краска в/эм.PowerJex 6010-2 4л внутр.,1086.0,шт
1119,10,Краска в/эм.PowerJex 6010-2 18л внутр.,3816.0,шт
1120,10,Краска д/бетон полов желтая 15кг. СИБЛКЗ,3948.0,шт
1121,10,Краска д/бетон. полов зеленая 15кг. СИБЛКЗ,3948.0,шт
1122,10,Краска д/бетон. полов серая 15кг. СИБЛКЗ,3948.0,шт
1123,10,Краска д/бетона полов. белая 15кг. СИБЛКЗ,3948.0,шт
1124,10,Краска ПФ-115 (белая)20кг.,691.0,шт
1125,10,Краска ПФ-115 (зелено-яркая) 10кг.,785.0,шт
1126,10,"Ксилол 0,5л Адмирал",129.0,шт
1127,10,"Ксилол 1,0л Адмирал",203.0,шт
1128,10,"Обезжириватель 1,0л Адмирал",134.0,шт
1129,10,Олифа 10л ЯСХИМ термополимерная,1243.0,шт
1130,10,Олифа 1л натуральная Оксоль DECOR,248.0,шт
1131,10,Олифа 1л Оксоль Адмирал,172.0,шт
1132,10,Олифа 3л FARBITEX 1/12,422.0,шт
1133,10,Олифа 3л Оксоль Адмирал,473.0,шт
1134,10,Олифа 3л ЯСХИМ термополимерная,359.0,шт
1135,10,Олифа 5л FARBITEX 1/12,700.0,шт
1136,10,Олифа 5л ЯСХИМ термополимерная,613.0,шт
1137,10,"Олифа НП 2,7л/4",272.0,шт
1138,10,"Преобразователь ржавчины (0,5л) Адмирал",74.0,шт
1139,10,"Растворитель 646 Адмирал (0,5л)",97.0,шт
1140,10,"Растворитель 646 Адмирал (1,0л)",116.0,шт
1141,10,"Сальвент 0,5л (Адмирал)",93.0,шт
1142,10,Тех.жидкость Престиж Ксилол нефтяной 1л,216.0,шт
1143,10,Тех.жидкость Престиж Уайт-спирит 0.5л,68.0,шт
1144,10,"Уайт-спирит 0,5 кор/25шт. АДМИРАЛ",85.0,шт
1145,10,"Уайт-спирит 3,0л",720.0,шт
1146,10,"Эмаль 3в1 HAMMERLAK гладкая глянцевая серая 2,5л",2989.0,шт
1147,10,"Эмаль 3в1 HAMMERLAK гладкая глянцевая черная 2,5л",3145.0,шт
1148,10,Эмаль алкидная ПФ-115 белый 20кг.FARBITEX,3988.0,шт
1149,10,Эмаль молотковая Престиж с молотковым эффектом Черная 0.,344.0,шт
1150,10,Эмаль ПФ-115 (судовая) 20кг,5500.0,шт
1151,10,"Лента демпферная ( 8мм ) 0,1*15м",188.0,шт
1152,10,Лента демпферная перфорированная прямая 12х0.55мм 25м,300.0,шт
1153,10,Лента демпферная самок. 5мм*50мм*10п/м,203.0,шт
1154,10,"Лента для натяжителя (желтая) ширина 7,5см",80.0,м
1155,10,Лента для натяжителя (оранжевая) ширина 5см,50.0,м
1156,10,Лента для натяжителя (синяя),30.0,м
1157,10,Лента малярная Адмирал 36мм*45м,108.0,шт
1158,10,Лента малярная Адмирал 48мм*45м,123.0,шт
1159,10,Лента металл AVIORA 50мм*50м,250.0,шт
1160,10,Лента монтажная перфорированная 1/25м,606.0,шт
1161,10,"Лента монтажная перфорированная 0,55 *12 1/25м",202.0,шт
1162,10,Лента перфорированная AntiDust 25ммх12м,392.0,шт
1163,10,Лента противоскольжения АДМИРАЛ 50мм*5м,220.0,шт
1164,10,Лента самоклеющаяся 42мм*90м,250.0,шт
1165,10,Лента самоклеющаяся для поликорбаната (25м),390.0,шт
1166,10,Лента самоклеящаяся гермет. (цвет зеленый ) длина 10м шири,2961.0,шт
1167,10,"Лента самоклеящаяся гермет. (цвет зеленый ) длина 10м, шири",1134.0,шт
1168,10,"Лента самоклеящаяся гермет. (цвет зеленый ) длина 10м, шири",931.0,шт
1169,10,Лента самоклеящаяся гермет. (цвет зеленый ) длина 3м ширин,516.0,шт
1170,10,"Лента самоклеящаяся гермет. (цвет зеленый ) длина 3м, ширин",373.0,шт
1171,10,"Лента самоклеящаяся гермет. (цвет зеленый ) длина 3м, ширин",382.0,шт
1172,10,"Лента самоклеящаяся гермет. (цвет коричневый) длина 10м, ш",1134.0,шт
1173,10,"Лента самоклеящаяся гермет. (цвет коричневый) длина 10м, ш",1570.0,шт
1174,10,"Лента самоклеящаяся гермет. (цвет коричневый) длина 10м, ш",931.0,шт
1175,10,"Лента самоклеящаяся гермет. (цвет коричневый) длина 3м, ши",516.0,шт
1176,10,"Лента самоклеящаяся гермет. (цвет коричневый) длина 3м, ши",696.0,шт
1177,10,"Лента самоклеящаяся гермет. (цвет коричневый) длина 3м, ши",373.0,шт
1178,10,"Лента самоклеящаяся гермет. (цвет коричневый) длина 3м, ши",468.0,шт
1179,10,"Лента самоклеящаяся гермет. (цвет красный ) длина 10м, шири",1151.0,шт
1180,10,"Лента самоклеящаяся гермет. (цвет красный ) длина 10м, шири",1532.0,шт
1181,10,"Лента самоклеящаяся гермет. (цвет красный ) длина 10м, шири",860.0,шт
1182,10,"Лента самоклеящаяся гермет. (цвет красный) длина 10м, шири",1134.0,шт
1183,10,"Лента самоклеящаяся гермет. (цвет красный) длина 3м, ширин",516.0,шт
1184,10,"Лента самоклеящаяся гермет. (цвет красный) длина 3м, ширин",373.0,шт
1185,10,"Лента самоклеящаяся гермет. (цвет красный) длина 3м, ширин",468.0,шт
1186,10,"Лента самоклеящаяся гермет. (цвет серебристый ) длина 10м,",1064.0,шт
1187,10,"Лента самоклеящаяся гермет. (цвет серебристый) длина 10м, ш",872.0,шт
1188,10,"Лента самоклеящаяся гермет. (цвет серебристый) длина 3м, ш",485.0,шт
1189,10,"Лента самоклеящаяся гермет. (цвет серебристый) длина 3м, ш",703.0,шт
1190,10,"Лента самоклеящаяся гермет. (цвет серебристый) длина 3м, ш",349.0,шт
1191,10,"Лента самоклеящаяся гермет. (цвет серебристый) длина 3м, ш",439.0,шт
1192,10,"Лента самоклеящаяся гермет. (цвет серебристый) длина10м, ш",1231.0,шт
1193,10,Лента самоклеящаяся герметизирующая (цвет серебристый ) д,456.0,шт
1194,10,"Лента самоклеящаяся герметизирующая,двухсторонний, длина",1025.0,шт
1195,10,м/мешок 880/1000/40мкм черный на 180 л(400/16/25),120.0,шт
1196,10,Маска защитная газонокосильщика (сетка),266.0,шт
1197,10,Мешок строительный (белый),18.0,шт
1198,10,Мешок строительный 95*55 (зеленые),10.0,шт
1199,11,"Клей монтажный ULTIMA Express МОНТАЖ, стороительно-монт",772.0,шт
1200,11,Клей-пена для кладки монтажный TYTAN Professional GUN 870м,974.0,шт
1201,11,Клей-пена профессиональный KOLT,1.0,шт
1202,11,"Пена бытовая ""RULIT STANDARD"" всесезонная 550гр. (750мл)",142.0,шт
1203,11,"Пена бытовая ""RULIT WINDOW & DOOR"" всесезонная 950 гр. (75",276.0,шт
1204,11,Пена бытовая 55 ADMIRAL всесезонная,271.0,шт
1205,11,Пена бытовая ATOLL ZV PU 750мл,297.0,шт
1206,11,Пена бытовая ATOLL ZV PU (MEGA) 750мл,1.0,шт
1207,11,Пена бытовая SPHERAFLEX 750мл,235.0,шт
1208,11,Пена монтажная SPHERAFLEX PRO750мл,200.0,шт
1209,11,"Пена монтажная ""KUDO"" проф. полиуретановая",352.0,шт
1210,11,"Пена монтажная ""RULIT FLEX "" всесезонная 750гр. (750мл)",253.0,шт
1211,11,"Пена монтажная ""RULIT PRO MEGA 70"" всесезонная 950 гр. (750",423.0,шт
1212,11,"Пена монтажная ""RULIT STANDARD"" всесезонная 550гр. (750мл)",145.0,шт
1213,11,"Пена монтажная ""RULIT WINDOW & DOOR"" всесезонная 950 гр.",329.0,шт
1214,11,"Пена монтажная ""Profil""65",395.0,шт
1215,11,Пена монтажная HETТER 65 всесезонная,545.0,шт
1216,11,"Пена монтажная PROFFLEX65л ""GOLD""",619.0,шт
1217,11,Пена монтажная PROFFLEX65л бытовая,401.0,шт
1218,11,Пена монтажная PROFFLEX65л огнестойкая,644.0,шт
1219,11,Пена монтажная UNIVERSAL 65L,281.0,шт
1220,11,Пена монтажная проф. 65 ADMIRAL STARS,423.0,шт
1221,11,"Пена монтажная проф. 65 ADMIRAL STARS зимняя, 850гр",435.0,шт
1222,11,Пена монтажная проф. 65 ADMIRAL всесезонная,350.0,шт
1223,11,Пена монтажная проф. 70 ADMIRAL PREMIUM всесезонная,420.0,шт
1224,11,Пена монтажная проф. ADMIRAL STARS огнестойкая,749.0,шт
1225,11,Пена монтажная Технониколь 65 (всесезонная),610.0,шт
1226,11,Пена проф 65+ADMIRAL STARS зимняя,444.0,шт
1227,11,"Пена-цемент ""МАКРОФЛЕКС"" строительный ПРОФ. 850мл",478.0,шт
1228,11,Пеногерметик Penosil Gold Gun 65L (зима -10),588.0,шт
1229,11,Пеногерметик Penosil Gold Gun 65L (лето),520.0,шт
1230,11,Пеногерметик Tytan TYTAN 65L750мл,580.0,шт
1231,11,Пеногерметик Tytan TYTAN UNI зима 65L 750мл,600.0,шт
1232,11,Пеногерметик Tytan TYTAN GUN 65L 750мл(лето),675.0,шт
1233,11,Пеногерметик WORKMAN MEGA 75 PRO 900мл,237.0,шт
1234,11,Натяжитель для строп лент,250.0,шт
1235,11,Натяжитель для строп лент (большой),350.0,шт
1236,11,Опалубочная стяжка пластиковая,30.0,шт
1237,11,Очиститель SPHERAFLEX 500мл,145.0,шт
1238,11,Очиститель монтажной пены ADMIRAL STARS 310гр. 650мл.,130.0,шт
1239,11,Очиститель монтажной пены PROFFLEX 500 мл,132.0,шт
1240,11,Очиститель монтажный пены HETTER,157.0,шт
1241,11,Очиститель монтажный пены PUTECH,143.0,шт
1242,11,"Очиститель монтажный пены""RULIT"" 430гр. (500мл.)",136.0,шт
1243,11,Пакет,5.5,шт
1244,11,Пена полиуретановая POLINOR напыляемый,675.0,шт
1245,11,Перфолента ( для поликорбаната) 25м,953.0,шт
1246,11,Перчатки обрез.оранж.зима,450.0,шт
1247,11,"Перчатки обрезиненные зеленые, синие",56.0,шт
1248,11,Перчатки утепленные (серые),54.0,шт
1249,11,"Перчатки х/б , ПВХ точка желтые/серые",25.0,шт
1250,11,Перчатки х/б синий латексный облив,33.0,шт
1251,11,Перчатки зимние утепленные обрезинненные (оранжевые),60.0,шт
1252,11,Перчатки кожаные.серые,300.0,шт
1253,11,Перчатки обрез.синие.зима,280.0,шт
1254,11,Перчатки х/б обрезиненные (серые),36.0,шт
1255,11,Перчатки х/б серые утепленные (оранжевая резинка),88.0,шт
1256,11,Пистолет для монтажной пены REDO,297.0,шт
1257,11,Пистолет для монтажной пены Черный,563.0,шт
1258,11,Пистолет для монтажной пласт ручка ящ/40шт,241.0,шт
1259,11,Руковицы зеленые,70.0,шт
1260,11,Руковицы шерсть,220.0,шт
1261,11,Серпянка 65г (Адмирал) 150мм*20м,128.0,шт
1262,11,Серпянка 65г (Адмирал) 50мм*20м,41.0,шт
1263,11,Серпянка 65г (Адмирал) 50мм*45м,106.0,шт
1264,11,Серпянка 65г (Адмирал) 50мм*90м,225.0,шт
1265,11,Серпянка Адмирал 50мм*45м,98.0,шт
1266,11,Серпянка Адмирал 50мм*90м,175.0,шт
1267,11,"Скотч 50мм*100м, прозрачный",181.0,шт
1268,11,"Скотч 50мм*200м, прозрачный",216.0,шт
1269,11,Скотч большой,130.0,шт
1270,11,Скотч зеленый 48мм*50м 42мкм Адмирал,68.0,шт
1271,11,Скотч красный 48мм*50м 42мкм Адмирал,68.0,шт
1272,11,Скотч прозрачный Адмирал 48мм*50мкм,56.0,шт
1273,11,Скотч синий 48мм*50м 42мкм Адмирал,68.0,шт
1274,11,Строплента 10м/60мм (зеленая) 2т,1200.0,шт
1275,11,Строплента 12м/75мм (желтая) 3т,1440.0,шт
1276,11,Строплента 6м/75мм (желтая) 3т,1200.0,шт
1277,11,"Фиксатор ""Звездочка"" 40мм",6.0,шт
1278,11,"Фиксатор опора 25/20/15/10,4-18",2.5,шт
1279,11,Фиксатор стойка ФС 50 д/арматуры (под сыпучий грунт),20.0,шт
1280,11,Фиксатор стульчик 10/15/20/25 (БОЧОНОК),3.0,шт
1281,11,"Фиксатор универсальный ""Кубик"",35-50мм",15.0,шт
1282,11,"Фиксатор универсальный ""Стойка"",10-25мм",12.0,шт
1283,11,"Фиксатор универсальный ""Стульчик"",35мм",13.0,шт
1284,11,"Хомут нейлон 6,6 2,5*300 белый",1.5,шт
1285,11,"Хомут нейлон 6,6 3,6*150 белый",1.5,шт
1286,11,"Хомут нейлон 6,6 3,6*150 черный",1.5,шт
1287,11,"Хомут нейлон 6,6 3,6*200 белый",1.5,шт
1288,11,"Хомут нейлон 6,6 3,6*250 белый",1.5,шт
1289,11,"Хомут нейлон 6,6 3,6*250 черный",1.5,шт
1290,11,"Электрод ""Оливер"" УОНИ-13/55 НАКС,Морской регистор 2,5 (5",1169.0,шт
1291,11,"Электрод ""Оливер"" УОНИ-13/55 НАКС,Морской регистор, 3.0 (5",1213.0,шт
1292,11,"Электрод 2,5мм(1кг)Россия",215.0,шт
1293,11,"Электрод 2,5мм(5кг)Россия",1162.0,шт
1294,11,"Электрод АДМИРАЛ 2,5мм(5кг)",867.0,шт
1295,11,"Электрод АДМИРАЛ 3,2мм (5кг)",823.0,шт
1296,11,"Электрод АДМИРАЛ 4,0мм(5кг)",664.0,шт
1297,11,"Электрод марки J422 ""Большой мост"" 2,5мм(5кг)",938.0,шт
1298,11,"Электрод марки J422 ""Большой мост"" 3,2мм(5кг)",813.0,шт
1299,11,"Электрод марки J422 ""Большой мост"" 4мм(5кг)",625.0,шт
1300,11,"Электрод марки J422 ""Золотой мост"" 3,2мм(5кг)",1005.0,шт
1301,12,Асбокартон 10мм,1289.0,шт
1302,12,Асбокартон 4мм,490.0,шт
1303,12,"Асбокартон 6мм 0,8*1м",920.0,шт
1304,12,"Бордюр дорожный 0,8м б/у",250.0,шт
1305,12,Бордюр дорожный 1м б/у,300.0,шт
1306,12,Бордюр дорожный серый 800*210*120мм,268.0,шт
1307,12,Бордюр садовый серый 1000*220*80мм,455.0,шт
1308,12,Бордюр садовый серый 500*210*70мм,220.0,шт
1309,12,"Бордюр тротуарный 0,8м б/у",250.0,шт
1310,12,Бордюр тротуарный серый 800*190*80 мм,175.0,шт
1311,12,"Брусчатка ""Волна"" (серая) 1кв.м-40шт",40.0,шт
1312,12,"Брусчатка ""Катушка"" красная 1кв.м-40шт",910.0,м2
1313,12,"Брусчатка ""Катушка"" серая 1кв.м-40шт",840.0,м2
1314,12,"Брусчатка ""Квадрат"" 200*200*60мм (серая) кв.м 25шт",26.0,шт
1315,12,"Брусчатка ""Кирпич"" (красная) 50шт/кв.м",15.0,шт
1316,12,"Брусчатка ""Кирпич"" (темно-серая) 50шт/кв.м",15.0,шт
1317,12,"Брусчатка ""Кирпич"" 200*100*70мм (серая) 50шт/кв.м",27.0,шт
1318,12,Вазон для цветов( лотос) большой,3500.0,шт
1319,12,Вазон для цветов( лотос) большой КР.,3800.0,шт
1320,12,Вазон для цветов( лотос) малый,2700.0,шт
1321,12,Вазон для цветов( лотос) малый КР.,3000.0,шт
1322,12,Вазон для цветов( лотос) средний,3300.0,шт
1323,12,Вазон для цветов( лотос) средний КР.,3600.0,шт
1324,12,Вазон для цветов(квадратный 40*40),4000.0,шт
1325,12,Вазон для цветов(круглый d-40),3000.0,шт
1326,12,Вазон для цветов(круглый d-60),5500.0,шт
1327,12,"Вазон для цветов(прямоугольный 1,2м*40см)",6500.0,шт
1328,12,Газосиликатные блоки 300*200*600мм (1/24шт),454.0,шт
1329,12,Газосиликатные блоки 300*288*600мм (1/24шт),551.0,шт
1330,12,Газосиликатные блоки перегородочные100*288*600мм (1/72ш,209.0,шт
1331,12,"Днище ЖБИ 0,7м",1265.0,шт
1332,12,Днище ЖБИ 1.0м,3500.0,шт
1333,12,Днище ЖБИ 1.5м,6300.0,шт
1334,12,Днище ЖБИ 2.0м,11704.0,шт
1335,12,Кашпо ЖБИ (круг),3250.0,шт
1336,12,Кирпич белый б/у,12.0,шт
1337,12,Кирпич Витебский печной (1 пал-330 шт),68.0,шт
1338,12,Кирпич красный 250*120*65мм (1/330шт),46.5,шт
1339,12,Кирпич красный М-50 250*120*65мм (1/480шт),34.0,шт
1340,12,"Кирпич облиц. коричневый 250*65*65мм 0,5НФ(половинка)",40.0,шт
1341,12,"Кирпич облиц. соломенный 250*65*65мм 0,5НФ(половинка)",32.0,шт
1342,12,"Кирпич облиц. Флеш 250*60*65мм 0,5НФ(половинка)",32.0,шт
1343,12,Кирпич облицовочный красный 250*120*65мм,39.0,шт
1344,12,Кирпич облицовочный красный 250*120*90мм,59.0,шт
1345,12,Кирпич облицовочный Солома 250*120*65 1НФ(полный),61.0,шт
1346,12,Кирпич огнеупорный ШБ-5 (230*114*65 мм),121.0,шт
1347,12,"Кольцо 0,7м",3430.0,шт
1348,12,"Кольцо 0,7м с днищем",4180.0,шт
1349,12,"Кольцо 0,7м/0,3",2233.0,шт
1350,12,"Кольцо 0,7м/0,6",2960.0,шт
1351,12,"Кольцо 1,0м",4340.0,шт
1352,12,"Кольцо 1,0м/0,3",3220.0,шт
1353,12,"Кольцо 1,0м/0,6",3900.0,шт
1354,12,"Кольцо 1,5м",7200.0,шт
1355,12,"Кольцо 1,5м с днищем",10164.0,шт
1356,12,"Кольцо 1,5м/0,6",4928.0,шт
1357,12,Кольцо 1.0м с днищем,6860.0,шт
1358,12,Кольцо 2.0м,11550.0,шт
1359,12,"Крышка 0,7м",1573.0,шт
1360,12,"Крышка 1,0 м",3375.0,шт
1361,12,"Крышка 1,5 м",6160.0,шт
1362,12,"Крышка 1.0 м с полимерным люком 1,5т",5875.0,шт
1363,12,Крышка 1.0м с полимерным люком 3т.,6732.0,шт
1364,12,"Крышка 1.5 м с полимерным люком 1,5т.",6089.0,шт
1365,12,Крышка 1.5 м с полимерным люком 3т.,8500.0,шт
1366,12,Крышка 2.0 м,11396.0,шт
1367,12,Крышка 2.0 м с полимерным люком 25т,17248.0,шт
1368,12,Крышка 2.0 м с полимерным люком 9т,11137.0,шт
1369,12,Крышка квадратная 1700*1700*150мм с полимерным люком 3,15120.0,шт
1370,12,"Крышка лотка 2,4м",2700.0,шт
1371,12,Лоток 1000*200*220мм,1463.0,шт
1372,12,Лоток 3000*300*300мм,5040.0,шт
1373,12,Лоток 3000*360*600мм,5786.0,шт
1374,12,Лоток 3000*420*360мм,4845.0,шт
1375,12,Лоток 3000*420*450мм,6468.0,шт
1376,12,Лоток 3000*420*600мм,8778.0,шт
1377,12,Лоток 3000*600*600мм,9548.0,шт
1378,12,Лоток армир.22см*22см*1м,1470.0,шт
1379,12,Лоток армир.30см*30см*1м,1700.0,шт
1380,12,Лоток маленький 500*160*85мм,154.0,шт
1381,12,Лоток полимерпесчанный с решетками 2 шт. 1000*140*65,1456.0,шт
1382,12,Люк полимер-песчанный Тип ЛМУ (А 30) (3тонн)цвет в ассорти,1992.0,шт
1383,12,Люк полимер-песчаный Тип ЛМ (А15) (1.5тонн) Цвет в ассортим,1710.0,шт
1384,12,Люк полимер-песчаный Тип ТМ (С250) черный,5902.0,шт
1385,12,"Люк чугунный тип ""ЛУ""(3т)",10236.0,шт
1386,12,"Люк чугунный тип ""С""(5т)",11974.0,шт
1387,12,Манжет для асбест/цемент труб 100мм,81.0,шт
1388,12,Манжет для асбест/цемент труб 200мм,117.0,шт
1389,12,Муфта асбест/цемент 100мм,76.0,шт
1390,12,Муфта асбест/цемент 200мм,256.0,шт
1391,12,Опора для ЛЭП 10м,10000.0,шт
1392,12,Опора для ЛЭП 11м,10500.0,шт
1393,13,Доска,1200.0,шт
1394,13,Квадрат,300.0,шт
1395,13,Ступенька,600.0,шт
1396,13,Шаговая плитка (большая),660.0,шт
1397,13,Шаговая плитка (маленькая),190.0,шт
1398,13,Шаговая плитка (средняя),360.0,шт
1399,13,Отсевоблок перегородочный (96шт поддон) (плот75),80.0,шт
1400,13,Отсевоблок стеновой(75-90шт поддон) 400*200*200,115.0,шт
1401,13,Пеньек большой,325.0,шт
1402,13,Пеньек средний,260.0,шт
1403,13,Перемычка 1.70см,972.0,шт
1404,13,Перемычка 2.40см,1386.0,шт
1405,13,Перемычка 2.98см,1710.0,шт
1406,13,Плита перекрытия 5500*1500,6500.0,шт
1407,13,Плитка керамогранит 600*400*20мм(графит),321.0,шт
1408,13,Плитка напольная EPS6000 (бежевая) 600*600,187.0,шт
1409,13,Плитка облицовочная (красная) камень 260*125мм (32шт/кв.м,750.0,м2
1410,13,"Плитка тротуарная ""Мозаика"" серая(1кв/м-16шт.)",1092.0,м2
1411,13,"Плитка тротуарная ""Мозаика"" красная(1кв/м-16шт.)",1232.0,м2
1412,13,"Плитка тротуарная ""Ромашка""",910.0,м2
1413,13,Плитка тротуарная 1000*1000*10мм,1250.0,шт
1414,13,"Плитка тротуарная коричневая ""Калифорния"" 300*300*30мм(1",73.0,шт
1415,13,"Плитка тротуарная красная ""8-кирпичный""400*400*40мм(1кв/",156.0,шт
1416,13,"Плитка тротуарная красная ""Дерево"" 300*300*30мм",72.0,шт
1417,13,"Плитка тротуарная красная ""Калифорния"" 300*300*30мм(1кв/",89.0,шт
1418,13,"Плитка тротуарная красная ""Ретро"" (1кв.м/24шт)",1232.0,м2
1419,13,"Плитка тротуарная красная ""Тетрис""300*300*30мм(1кв/м-11шт",89.0,шт
1420,13,"Плитка тротуарная серая ""Ретро"" (1кв.м/24шт)",1100.0,м2
1421,13,"Плитка тротуарная серая ""8-кирпичный"" 400х400х40мм(1кв/м-",140.0,шт
1422,13,"Плитка тротуарная серая ""Калейдоскоп""""300*300*30",83.0,шт
1423,13,"Плитка тротуарная серая ""Калифорния"" 300*300*30мм(1кв/м-1",77.0,шт
1424,13,"Плитка тротуарная серая ""Паркет"" 300х300х30мм(1кв/м-11шт.)",83.0,шт
1425,13,"Плитка тротуарная серая ""Тетрис""300*300*30мм(1кв/м-11шт.)",77.0,шт
1426,13,"Плитка тротуарная серая ""Тучка""300*300*30мм(1кв.м.-11шт.)",77.0,шт
1427,13,"Плиткатротуарная красная ""Тучка""300*300*30мм(1кв.м.-11шт.)",89.0,шт
1428,13,Столб бетонный б/у 2.7м,1000.0,шт
1429,13,Стопа желтая,375.0,шт
1430,13,Стопа красная,375.0,шт
1431,13,Стопа серая,350.0,шт
1432,13,труба асбест/цемент 100мм/4м,910.0,шт
1433,13,Труба асбест/цемент 200мм/4м,2940.0,шт
1434,13,Труба асбест/цементная 400мм/5м,8500.0,шт
1435,13,Труба асбест/цементная 500мм/5м,13000.0,шт
1436,13,Тумба армир.(ЖБИ) 505*500*50мм,500.0,шт
1437,13,"Шифер 7- волновой 0,98*1,75",732.0,шт
1438,13,"Шифер 8- волновой 1,75м-1,13м",590.0,шт
1439,13,"Шифер плоский 1,2*1,57*6мм",1000.0,шт
1440,13,"Шифер плоский 1,2*1,57*8мм",1313.0,шт
1441,13,Шифер плоский 1500*3000*10мм,2905.0,шт
1442,13,Шифер плоский 1500*3000*6мм,1954.0,шт
1443,13,Шифер плоский 1500*3000*8мм,2506.0,шт
1444,13,Шифер плоский 2420*1570*8мм,2313.0,шт
1445,13,Шифер полоска для грядки 2400*300*8мм,575.0,шт
1446,14,Воронка желоба ПВХ Docke 120/85мм пломбир,356.0,шт
1447,14,Воронка желоба ПВХ Docke 120/85мм шоколад,387.0,шт
1448,14,Желоб водосточный ПВХ Docke 120/3000мм пломбир,537.0,шт
1449,14,Желоб водосточный ПВХ Docke 120/3000мм шоколад,590.0,шт
1450,14,Желоб полукруглый металл Grand Line 150/3000мм (белый),1275.0,шт
1451,14,Заглушка воронки Docke пломбир,96.0,шт
1452,14,Заглушка воронки Docke шоколад,148.0,шт
1453,14,Заглушка желоба ПВХ Docke 120мм пломбир,96.0,шт
1454,14,Заглушка желоба ПВХ Docke 120мм шоколад,109.0,шт
1455,14,"Заглушка НПВХ 160 для наруж, канализации",239.0,шт
1456,14,"Заглушка НПВХ 315 для наруж, канализации",2982.0,шт
1457,14,Заглушка ПП 110 для внутр. канализации,33.0,шт
1458,14,"Заглушка ПП 110 для наруж, канализации",76.0,шт
1459,14,Заглушка ПП 50 для внутр. канализации,28.0,шт
1460,14,Колено 45гр ПВХ Docke пломбир 85мм,223.0,шт
1461,14,Колено 45гр ПВХ Docke шоколад 85мм,255.0,шт
1462,14,Колено 72гр ПВХ Docke пломбир 85мм,209.0,шт
1463,14,Колено 72гр ПВХ Docke шоколад 85мм,255.0,шт
1464,14,Колено наконечник Docke пломбир,210.0,шт
1465,14,Колено наконечник Docke шоколад,243.0,шт
1466,14,Колено трубы 60гр.металл Grand Line 100мм (белый),441.0,шт
1467,14,Кольцо резиновое уплотнительное для двухстенной трубы 110,83.0,шт
1468,14,Кольцо резиновое уплотнительное для двухстенной трубы 160,94.0,шт
1469,14,Кольцо резиновое уплотнительное для двухстенной трубы 200,198.0,шт
1470,14,Кронштейн длинный 300мм металл Docke 120мм пломбир,407.0,шт
1471,14,Кронштейн длинный 300мм металл Docke 120мм шоколад,407.0,шт
1472,14,Кронштейн карнизный крючок длинный 350мм металл Grand L,238.0,шт
1473,14,Кронштейн короткий 110мм ПВХ Docke пломбир 120мм,63.0,шт
1474,14,Кронштейн короткий 110мм ПВХ Docke шоколад 120мм,76.0,шт
1475,14,Муфта двухраструбная ПП 110 для внутренней канализации,82.0,шт
1476,14,Муфта двухраструбная ПП 110 для наружной канализации,80.0,шт
1477,14,Муфта для двустенных-дренажных труб 110 мм ДСК,426.0,шт
1478,14,Муфта для двустенных-дренажных труб 90мм. ДКС,288.0,шт
1479,14,Муфта для двухстенных-дренажных труб 200мм,507.0,шт
1480,14,Муфта скользящая НПВХ 160 для наружной канализации,330.0,шт
1481,14,Муфта скользящая НПВХ 200 для наружной канализации,767.0,шт
1482,14,Муфта скользящая НПВХ 315 для наружной канализации,5252.0,шт
1483,14,Муфта скользящая ПП 110 для внутренней канализации,77.0,шт
1484,14,Муфта скользящая ПП 110 для наружной канализации,95.0,шт
1485,14,Муфта скользящая ПП 50 для внутренней канализации,44.0,шт
1486,14,Муфта соединительная ПВХ Docke пломбир 85мм,163.0,шт
1487,14,Муфта соединительная ПВХ Docke шоколад 85мм,129.0,шт
1488,14,Отвод НПВХ 160*45 для наружной канализации,529.0,шт
1489,14,Отвод НПВХ 160*87 для наружной канализации,314.0,шт
1490,14,Отвод НПВХ 200*45*3000 для наружной канализации,871.0,шт
1491,14,Отвод НПВХ 200*90 для наружной канализации,1066.0,шт
1492,14,Отвод ПП 110*45 для внутреней канализации,83.0,шт
1493,14,Отвод ПП 110*45 для наружной канализации,100.0,шт
1494,14,Отвод ПП 110*67 для наружной канализации,109.0,шт
1495,14,"Отвод ПП 110*87,5 для внутренней канализации",94.0,шт
1496,14,"Отвод ПП 110*87,5 для наружной канализации",113.0,шт
1497,14,Отвод ПП 50*45 для внутреней канализации,22.0,шт
1498,14,"Отвод ПП 50*87,5 для внутреней канализации",22.0,шт
1499,14,Отвод ПП наружный 45 хДу-110 оранж.,93.0,шт
1500,14,Отвод ПП наружный 90 хДу-110 оранж.,108.0,шт
1501,14,Переход 110*50 для внутренней канализации,41.0,шт
1502,14,Переход НПВХ 160*110 для наружной канализации,278.0,шт
1503,14,Ревизия ПП 110 для наружной канализации,209.0,шт
1504,14,Сетка защитная ПВХ Docke пломбир,75.0,шт
1505,14,Сетка защитная ПВХ Docke шоколад,84.0,шт
1506,14,Соеденитель желоба ПВХ Docke 120мм шоколад,226.0,шт
1507,14,Соединитель желоба металл Grand Line 150мм (белый),412.0,шт
1508,14,Соединитель желоба ПВХ Docke 120мм пломбир,185.0,шт
1509,14,Тройник НПВХ 110*50*90 для наружной канализации,166.0,шт
1510,14,Тройник НПВХ 160*45 для наружной канализации,740.0,шт
1511,14,Тройник НПВХ 160*87 для наружной канализации,836.0,шт
1512,14,Тройник НПВХ 200*160*45 для наружной канализации,1535.0,шт
1513,14,"Тройник ПП 110*110*45 для внут, канализации",145.0,шт
1514,14,"Тройник ПП 110*110*87,5 для внут, канализации",123.0,шт
1515,14,Тройник ПП 110*110*87.5 для наруж. канализации,175.0,шт
1516,14,Тройник ПП 110*45 для наруж. канализации,191.0,шт
1517,14,"Тройник ПП 110*50*45 для внут, канализации",97.0,шт
1518,14,"Тройник ПП 110*50*87,5 для внут, канализации",100.0,шт
1519,14,"Тройник ПП 50*50*45 для внут, канализации",34.0,шт
1520,14,"Тройник ПП 50*50*87,5 для внут, канализации",34.0,шт
1521,14,Тройник ПП наружный 90 хДу-110*110 оранж.,151.0,шт
1522,14,Труба пластик 110мм б/у (6м),2750.0,шт
1523,14,"Труба (питьевая) ПЭ 100SDR 63*5,8",245.0,м
1524,14,Труба водосточная ПВХ Docke 85/1000мм шоколад,899.0,шт
1525,14,Труба водосточная ПВХ Docke 85/3000мм пломбир,654.0,шт
1526,14,Труба водосточная ПВХ Docke 85/3000мм шоколад,716.0,шт
1527,14,Труба гибкая двухстенная для кабельной канализации (красная,262.0,м
1528,14,Труба гибкая двухстенная дренажная с протяжкой 110 мм ДКС,268.0,шт
1529,14,Труба гибкая двухстенная с протяжкой 50 мм ДКС,210.0,м
1530,14,Труба гибкая двухстенная с протяжкой 75 мм ДКС,190.0,м
1531,14,Труба гибкая двухстенная с протяжкой 90мм ДКС,223.0,м
1532,14,Труба гофрированная двустенная жесткая SN8 L6000 ф110 с рас,2520.0,шт
1533,14,Труба гофрированная двустенная жесткая SN8 L6000 ф160 с рас,3709.0,шт
1534,14,Труба гофрированная двустенная жесткая SN8 L6000 ф200 с рас,4807.0,шт
1535,14,Труба гофрированная двустенная жесткая SN8 L6000 ф315 с рас,2061.0,м
1536,14,Труба гофрированная двустенная жесткая SN8 L6000 ф400 с рас,20896.0,м
1537,14,Труба гофрированная двустенная жесткая SN8 L6000 ф500 с рас,24705.0,шт
1538,14,Труба гофрированная двустенная ПНД 110мм красная,312.0,м
1539,14,Труба гофрированная двухстенная 110,262.0,м
1540,14,Труба гофрированная одностенная дренажная 110мм с геофил,293.0,м
1541,14,Труба гофрированная одностенная дренажная 160мм с геофил,479.0,шт
1542,14,Труба двустенная дренажная 110мм с геофильтром ДСК,410.0,шт
1543,14,"Труба НПВХ 110*3,2*1000 для наруж, канализации",420.0,шт
1544,14,"Труба НПВХ 110*3,2*2000 для наруж, канализации",775.0,шт
1545,14,"Труба НПВХ 110*3,2*3000 для наруж. канализации",1195.0,шт
1546,14,"Труба НПВХ 110*3,2*560 для наруж, канализации",172.0,шт
1547,14,"Труба НПВХ 110*3,2*6070 для наруж, канализации",2390.0,шт
1548,14,"Труба НПВХ 160*4,0*2000 SN4 для наруж, канализации",837.0,шт
1549,14,"Труба НПВХ 160*4,0*6080 SN4 для наруж, канализации",2885.0,шт
1550,14,"Труба НПВХ 200*4,9*6090 для наруж, канализации",6339.0,шт
1551,14,"Труба НПВХ 50*1,8*1000 для внут, канализации",55.0,шт
1552,14,"Труба НПВХ 50*1,8*1000 для внут, канализации",85.0,шт
1553,14,"Труба НПВХ 50*1,8*3000 для внут. канализации",214.0,шт
1554,14,Труба одностенная дренажная 110мм,252.0,м
1555,14,Труба одностенная дренажная 110мм в геофильтре,293.0,м
1556,14,"Труба полиэтиленовая ПНД РЕ100 32х2,4мм PN8,0 1/100",80.0,м
1557,14,"Труба ПП 110*2,2*1000 для внут, канализации",308.0,шт
1558,14,"Труба ПП 110*2,2*1500 для внут, канализации",330.0,шт
1559,14,"Труба ПП 110*2,2*2000 для внут. канализации",564.0,шт
1560,14,"Труба ПП 110*2,2*250 для внут, канализации",66.0,шт
1561,14,"Труба ПП 110*2,2*3000 для внут, канализации",828.0,шт
1562,14,"Труба ПП 110*2,2*500 для внут, канализации",139.0,шт
1563,14,"Труба ПП наужная с раструбом Ду-110, L-1000*3.2мм (10) SN2 """,293.0,шт
1564,14,"Труба ПП наужная с раструбом Ду-110, L-2000*3.2мм (10) SN2 """,543.0,шт
1565,14,"Труба ПП наужная с раструбом Ду-110, L-3000*3.2мм (10) SN2 """,808.0,шт
1566,14,Угол желоба 135гр ПВХ Docke пломбир 120мм,1581.0,шт
1567,14,Угол желоба 135гр ПВХ Docke шоколад 120мм,1659.0,шт
1568,14,Угол желоба 90гр ПВХ Docke пломбир 120мм,461.0,шт
1569,14,Угол желоба 90гр ПВХ Docke шоколад 120мм,343.0,шт
1570,14,Хомут универсальный ПВХ Docke пломбир 85мм,86.0,шт
1571,14,Хомут универсальный ПВХ Docke шоколад 85мм,102.0,шт
